--
-- PostgreSQL database dump
--

\restrict gbVAum3Aets19k9eHKqpSa3u0WAcvcmgTES6HGJqMhrZLjV55cGEzuk2I4aqGNU

-- Dumped from database version 14.20 (Ubuntu 14.20-0ubuntu0.22.04.1)
-- Dumped by pg_dump version 14.20 (Ubuntu 14.20-0ubuntu0.22.04.1)

SET statement_timeout = 0;
SET lock_timeout = 0;
SET idle_in_transaction_session_timeout = 0;
SET client_encoding = 'UTF8';
SET standard_conforming_strings = on;
SELECT pg_catalog.set_config('search_path', '', false);
SET check_function_bodies = false;
SET xmloption = content;
SET client_min_messages = warning;
SET row_security = off;

--
-- Data for Name: users; Type: TABLE DATA; Schema: public; Owner: postgres
--

INSERT INTO public.users VALUES ('6dff2837-b989-420a-b823-299e272b7022', 'Usuario Prueba', 'test@example.com', '$2a$10$YourHashedPasswordHere', '2025-10-17 14:51:36.446573+00', '2025-10-17 14:51:36.446573+00', NULL, NULL, 'local', NULL);
INSERT INTO public.users VALUES ('48c8745d-4167-4fc2-94cc-e1353a2f89fc', 'Test User 2', 'test2@example.com', '$2a$10$w5FeiuQBbd9dYbpKxRVMRuG7FmJ/n8ifk.HX4Tt6RsmCC2pBcnn/W', '2025-09-06 02:50:47.904272+00', '2025-09-06 02:50:52.496976+00', '2025-09-06 02:50:52.496976+00', NULL, 'local', NULL);
INSERT INTO public.users VALUES ('35b6d8e3-ad20-4d31-8395-34ba92f2c5ac', 'Rodrigo', 'prueba@test.com', '$2a$10$Dqee81XDUZSoV8cp1YAM1.SLEb3/Q2/xXRhQFoQzwM5G6wwP6PmJu', '2025-09-06 02:55:43.141542+00', '2025-10-15 21:36:22.588366+00', '2025-10-15 21:36:22.588366+00', NULL, 'local', NULL);
INSERT INTO public.users VALUES ('d7c5ec30-b2d6-4658-aefb-918bdaf5b70e', 'Rodrigo Pizarro', 'r.pizarro.leeson@gmail.com', NULL, '2025-10-18 03:35:33.549199+00', '2025-12-08 20:00:04.675696+00', '2025-12-08 20:00:04.675696+00', '105408582125529053388', 'google', 'https://lh3.googleusercontent.com/a/ACg8ocJCiD_vah5LrlguyjjmPNgIZRT34pthPY0C6zNMc_dwXyOWqY56=s96-c');


--
-- Data for Name: billing_periods; Type: TABLE DATA; Schema: public; Owner: postgres
--

INSERT INTO public.billing_periods VALUES ('6cc6c5c6-529c-4542-9792-54bb596990d1', 'd7c5ec30-b2d6-4658-aefb-918bdaf5b70e', 2026, 1, '2025-11-21', '2025-12-22', '2025-12-01 14:38:15.52392+00', '2025-12-01 14:38:15.52392+00');


--
-- Data for Name: categories; Type: TABLE DATA; Schema: public; Owner: postgres
--

INSERT INTO public.categories VALUES (1, 'Comida', 'Gastos relacionados con alimentación', NULL, '2025-10-17 14:52:18.8284');
INSERT INTO public.categories VALUES (2, 'Cuentas', 'Pagos de servicios y cuentas mensuales', NULL, '2025-10-17 14:52:18.8284');
INSERT INTO public.categories VALUES (3, 'Auto', 'Gastos relacionados con el vehículo', NULL, '2025-10-17 14:52:18.8284');
INSERT INTO public.categories VALUES (4, 'Créditos', 'Pagos de créditos y préstamos', NULL, '2025-10-17 14:52:18.8284');
INSERT INTO public.categories VALUES (5, 'Compras Camila', 'Compras personales de Camila', NULL, '2025-10-17 14:52:18.8284');
INSERT INTO public.categories VALUES (6, 'Compras Rodrigo', 'Compras personales de Rodrigo', NULL, '2025-10-17 14:52:18.8284');
INSERT INTO public.categories VALUES (7, 'Comida', 'Gastos relacionados con alimentación', NULL, '2025-10-17 15:10:27.121837');
INSERT INTO public.categories VALUES (8, 'Cuentas', 'Pagos de servicios y cuentas mensuales', NULL, '2025-10-17 15:10:27.121837');
INSERT INTO public.categories VALUES (9, 'Auto', 'Gastos relacionados con el vehículo', NULL, '2025-10-17 15:10:27.121837');
INSERT INTO public.categories VALUES (10, 'Créditos', 'Pagos de créditos y préstamos', NULL, '2025-10-17 15:10:27.121837');
INSERT INTO public.categories VALUES (11, 'Compras Camila', 'Compras personales de Camila', NULL, '2025-10-17 15:10:27.121837');
INSERT INTO public.categories VALUES (12, 'Compras Rodrigo', 'Compras personales de Rodrigo', NULL, '2025-10-17 15:10:27.121837');
INSERT INTO public.categories VALUES (13, 'Comida', 'Gastos relacionados con alimentación', NULL, '2025-09-08 00:09:53.117177');
INSERT INTO public.categories VALUES (14, 'Cuentas', 'Pagos de servicios y cuentas mensuales', NULL, '2025-09-08 00:09:53.117177');
INSERT INTO public.categories VALUES (15, 'Auto', 'Gastos relacionados con el vehículo', NULL, '2025-09-08 00:09:53.117177');
INSERT INTO public.categories VALUES (16, 'Créditos', 'Pagos de créditos y préstamos', NULL, '2025-09-08 00:09:53.117177');
INSERT INTO public.categories VALUES (17, 'Compras Camila', 'Compras personales de Camila', NULL, '2025-09-08 00:09:53.117177');
INSERT INTO public.categories VALUES (18, 'Compras Rodrigo', 'Compras personales de Rodrigo', NULL, '2025-09-08 00:09:53.117177');
INSERT INTO public.categories VALUES (19, 'Comida', 'Gastos relacionados con alimentación', NULL, '2025-09-09 20:16:01.036298');
INSERT INTO public.categories VALUES (20, 'Cuentas', 'Pagos de servicios y cuentas mensuales', NULL, '2025-09-09 20:16:01.036298');
INSERT INTO public.categories VALUES (21, 'Auto', 'Gastos relacionados con el vehículo', NULL, '2025-09-09 20:16:01.036298');
INSERT INTO public.categories VALUES (22, 'Créditos', 'Pagos de créditos y préstamos', NULL, '2025-09-09 20:16:01.036298');
INSERT INTO public.categories VALUES (23, 'Compras Camila', 'Compras personales de Camila', NULL, '2025-09-09 20:16:01.036298');
INSERT INTO public.categories VALUES (24, 'Compras Rodrigo', 'Compras personales de Rodrigo', NULL, '2025-09-09 20:16:01.036298');
INSERT INTO public.categories VALUES (25, 'Comida', 'Gastos relacionados con alimentación', NULL, '2025-09-10 18:24:02.359193');
INSERT INTO public.categories VALUES (26, 'Cuentas', 'Pagos de servicios y cuentas mensuales', NULL, '2025-09-10 18:24:02.359193');
INSERT INTO public.categories VALUES (27, 'Auto', 'Gastos relacionados con el vehículo', NULL, '2025-09-10 18:24:02.359193');
INSERT INTO public.categories VALUES (28, 'Créditos', 'Pagos de créditos y préstamos', NULL, '2025-09-10 18:24:02.359193');
INSERT INTO public.categories VALUES (29, 'Compras Camila', 'Compras personales de Camila', NULL, '2025-09-10 18:24:02.359193');
INSERT INTO public.categories VALUES (30, 'Compras Rodrigo', 'Compras personales de Rodrigo', NULL, '2025-09-10 18:24:02.359193');
INSERT INTO public.categories VALUES (31, 'Comida', 'Gastos relacionados con alimentación', NULL, '2025-09-11 21:30:18.410974');
INSERT INTO public.categories VALUES (32, 'Cuentas', 'Pagos de servicios y cuentas mensuales', NULL, '2025-09-11 21:30:18.410974');
INSERT INTO public.categories VALUES (33, 'Auto', 'Gastos relacionados con el vehículo', NULL, '2025-09-11 21:30:18.410974');
INSERT INTO public.categories VALUES (34, 'Créditos', 'Pagos de créditos y préstamos', NULL, '2025-09-11 21:30:18.410974');
INSERT INTO public.categories VALUES (35, 'Compras Camila', 'Compras personales de Camila', NULL, '2025-09-11 21:30:18.410974');
INSERT INTO public.categories VALUES (36, 'Compras Rodrigo', 'Compras personales de Rodrigo', NULL, '2025-09-11 21:30:18.410974');
INSERT INTO public.categories VALUES (37, 'Comida', 'Gastos relacionados con alimentación', NULL, '2025-09-12 14:25:59.37084');
INSERT INTO public.categories VALUES (38, 'Cuentas', 'Pagos de servicios y cuentas mensuales', NULL, '2025-09-12 14:25:59.37084');
INSERT INTO public.categories VALUES (39, 'Auto', 'Gastos relacionados con el vehículo', NULL, '2025-09-12 14:25:59.37084');
INSERT INTO public.categories VALUES (40, 'Créditos', 'Pagos de créditos y préstamos', NULL, '2025-09-12 14:25:59.37084');
INSERT INTO public.categories VALUES (41, 'Compras Camila', 'Compras personales de Camila', NULL, '2025-09-12 14:25:59.37084');
INSERT INTO public.categories VALUES (42, 'Compras Rodrigo', 'Compras personales de Rodrigo', NULL, '2025-09-12 14:25:59.37084');
INSERT INTO public.categories VALUES (43, 'Comida', 'Gastos relacionados con alimentación', NULL, '2025-09-12 20:33:58.978482');
INSERT INTO public.categories VALUES (44, 'Cuentas', 'Pagos de servicios y cuentas mensuales', NULL, '2025-09-12 20:33:58.978482');
INSERT INTO public.categories VALUES (45, 'Auto', 'Gastos relacionados con el vehículo', NULL, '2025-09-12 20:33:58.978482');
INSERT INTO public.categories VALUES (46, 'Créditos', 'Pagos de créditos y préstamos', NULL, '2025-09-12 20:33:58.978482');
INSERT INTO public.categories VALUES (47, 'Compras Camila', 'Compras personales de Camila', NULL, '2025-09-12 20:33:58.978482');
INSERT INTO public.categories VALUES (48, 'Compras Rodrigo', 'Compras personales de Rodrigo', NULL, '2025-09-12 20:33:58.978482');
INSERT INTO public.categories VALUES (49, 'Comida', 'Gastos relacionados con alimentación', NULL, '2025-09-14 00:50:09.121047');
INSERT INTO public.categories VALUES (50, 'Cuentas', 'Pagos de servicios y cuentas mensuales', NULL, '2025-09-14 00:50:09.121047');
INSERT INTO public.categories VALUES (51, 'Auto', 'Gastos relacionados con el vehículo', NULL, '2025-09-14 00:50:09.121047');
INSERT INTO public.categories VALUES (52, 'Créditos', 'Pagos de créditos y préstamos', NULL, '2025-09-14 00:50:09.121047');
INSERT INTO public.categories VALUES (53, 'Compras Camila', 'Compras personales de Camila', NULL, '2025-09-14 00:50:09.121047');
INSERT INTO public.categories VALUES (54, 'Compras Rodrigo', 'Compras personales de Rodrigo', NULL, '2025-09-14 00:50:09.121047');
INSERT INTO public.categories VALUES (61, 'Movilización Rodrigo', 'Trayectos Pullman, Uber, Metro, Otros', '35b6d8e3-ad20-4d31-8395-34ba92f2c5ac', '2025-09-17 14:35:03.952676');
INSERT INTO public.categories VALUES (62, 'Supermercado', 'Compras de Supermercado', '35b6d8e3-ad20-4d31-8395-34ba92f2c5ac', '2025-09-17 14:36:12.922298');
INSERT INTO public.categories VALUES (63, 'Compras Mascotas', 'Las compras para los niños del hogar', '35b6d8e3-ad20-4d31-8395-34ba92f2c5ac', '2025-09-17 14:37:13.54185');
INSERT INTO public.categories VALUES (70, 'Viajes Rodrigo - Santiago', '', 'd7c5ec30-b2d6-4658-aefb-918bdaf5b70e', '2025-10-31 04:35:59.349173');
INSERT INTO public.categories VALUES (71, 'Supermercado y Otros', 'Supermercado', 'd7c5ec30-b2d6-4658-aefb-918bdaf5b70e', '2025-11-03 02:45:18.925501');
INSERT INTO public.categories VALUES (72, 'Pedir Comida o Restaurantes', 'Comida o restaurantes', 'd7c5ec30-b2d6-4658-aefb-918bdaf5b70e', '2025-11-03 02:48:51.028773');
INSERT INTO public.categories VALUES (73, 'Compras casa', 'Compras casa', 'd7c5ec30-b2d6-4658-aefb-918bdaf5b70e', '2025-12-02 03:16:41.521088');
INSERT INTO public.categories VALUES (74, 'Pellos y gatos', 'Pellos y gatos', 'd7c5ec30-b2d6-4658-aefb-918bdaf5b70e', '2025-12-02 03:17:19.662012');
INSERT INTO public.categories VALUES (75, 'Comida', 'Gastos relacionados con alimentación', NULL, '2025-12-08 18:02:46.055504');
INSERT INTO public.categories VALUES (76, 'Cuentas', 'Pagos de servicios y cuentas mensuales', NULL, '2025-12-08 18:02:46.055504');
INSERT INTO public.categories VALUES (77, 'Auto', 'Gastos relacionados con el vehículo', NULL, '2025-12-08 18:02:46.055504');
INSERT INTO public.categories VALUES (78, 'Créditos', 'Pagos de créditos y préstamos', NULL, '2025-12-08 18:02:46.055504');
INSERT INTO public.categories VALUES (79, 'Compras Camila', 'Compras personales de Camila', NULL, '2025-12-08 18:02:46.055504');
INSERT INTO public.categories VALUES (80, 'Compras Rodrigo', 'Compras personales de Rodrigo', NULL, '2025-12-08 18:02:46.055504');
INSERT INTO public.categories VALUES (81, 'Sin categorizar', NULL, 'd7c5ec30-b2d6-4658-aefb-918bdaf5b70e', '2025-12-08 18:02:46.059582');


--
-- Data for Name: checking_balances; Type: TABLE DATA; Schema: public; Owner: postgres
--

INSERT INTO public.checking_balances VALUES ('35b6d8e3-ad20-4d31-8395-34ba92f2c5ac', 2025, 9, 1004219.00, '2025-09-14 04:56:38.431678+00', '2025-09-14 04:56:38.431678+00', NULL, NULL);
INSERT INTO public.checking_balances VALUES ('d7c5ec30-b2d6-4658-aefb-918bdaf5b70e', 2025, 10, 6111117.00, '2025-10-31 04:01:50.957933+00', '2025-10-31 04:01:50.957933+00', NULL, NULL);
INSERT INTO public.checking_balances VALUES ('d7c5ec30-b2d6-4658-aefb-918bdaf5b70e', 2025, 11, 5994148.00, '2025-11-03 16:31:44.987807+00', '2025-11-03 16:31:44.987807+00', NULL, NULL);
INSERT INTO public.checking_balances VALUES ('d7c5ec30-b2d6-4658-aefb-918bdaf5b70e', 2025, 12, 0.00, '2025-12-01 21:45:14.201494+00', '2025-12-01 21:45:14.201494+00', 3329148.00, '2025-12-02');


--
-- Data for Name: checking_transactions; Type: TABLE DATA; Schema: public; Owner: postgres
--

INSERT INTO public.checking_transactions VALUES ('f02f978e-1dfc-470b-a954-85fe97cdb415', '35b6d8e3-ad20-4d31-8395-34ba92f2c5ac', 2025, 9, '2025-09-15', 'Traspaso A:Medio De Pago Fintoc', 'cargo', 4735.00, NULL, 'Pasaje Pullman Viña-Santiago', '2025-09-15 23:27:19.301263+00', '2025-09-15 23:27:19.301263+00');
INSERT INTO public.checking_transactions VALUES ('48c53617-e3f1-4453-99a1-9b1446ea90d9', '35b6d8e3-ad20-4d31-8395-34ba92f2c5ac', 2025, 9, '2025-09-15', 'Traspaso A:Medio De Pago Fintoc', 'cargo', 3154.00, NULL, 'Pasaje Pullman Santiago - Viña', '2025-09-15 23:28:11.084632+00', '2025-09-15 23:28:11.084632+00');
INSERT INTO public.checking_transactions VALUES ('54bf8c3b-a03f-4490-9878-389708e1fec3', '35b6d8e3-ad20-4d31-8395-34ba92f2c5ac', 2025, 9, '2025-09-17', 'Traspaso A:Medio De Pago Fintoc	', 'cargo', 6027.00, NULL, 'Pasaje Pullman Santiago - Viña	', '2025-09-17 17:28:03.374624+00', '2025-09-17 17:28:14.268019+00');
INSERT INTO public.checking_transactions VALUES ('c3de140b-890d-4521-bd17-7794a27f5d5d', '35b6d8e3-ad20-4d31-8395-34ba92f2c5ac', 2025, 9, '2025-09-16', 'Traspaso A:Medio De Pago Fintoc', 'cargo', 3868.00, NULL, 'Pasaje Pullman Viña-Santiago', '2025-09-17 17:27:36.707664+00', '2025-09-17 17:28:32.08883+00');
INSERT INTO public.checking_transactions VALUES ('6dc4098f-f962-491d-86d8-3e18831f2d92', 'd7c5ec30-b2d6-4658-aefb-918bdaf5b70e', 2025, 12, '2025-12-01', 'Traspaso A:Juan Carlos Villalon', 'cargo', 2000.00, NULL, NULL, '2025-12-01 21:24:15.207548+00', '2025-12-01 21:24:15.207548+00');
INSERT INTO public.checking_transactions VALUES ('10b6c88f-df97-4c00-8861-a8b159c20935', 'd7c5ec30-b2d6-4658-aefb-918bdaf5b70e', 2025, 12, '2025-12-01', 'Giro Cajero Automatico             *', 'cargo', 15000.00, NULL, NULL, '2025-12-01 21:24:15.210074+00', '2025-12-01 21:24:15.210074+00');
INSERT INTO public.checking_transactions VALUES ('2e3c5af1-cf2c-44a3-b7f8-74cca4853ffd', 'd7c5ec30-b2d6-4658-aefb-918bdaf5b70e', 2025, 11, '2025-11-28', 'Traspaso A:Ginno Reyes Moreno', 'cargo', 10000.00, NULL, NULL, '2025-12-01 21:24:15.214851+00', '2025-12-01 21:24:15.214851+00');
INSERT INTO public.checking_transactions VALUES ('620f2736-404c-4d8d-8fd7-57b966928520', 'd7c5ec30-b2d6-4658-aefb-918bdaf5b70e', 2025, 11, '2025-11-25', 'Traspaso A:Comercializadora Migue', 'cargo', 7500.00, NULL, NULL, '2025-12-01 21:24:15.219309+00', '2025-12-01 21:24:15.219309+00');
INSERT INTO public.checking_transactions VALUES ('0bec9c6c-8b91-4aa1-b553-c27028420b3c', 'd7c5ec30-b2d6-4658-aefb-918bdaf5b70e', 2025, 11, '2025-11-24', 'Traspaso A:Medio De Pago Fintoc', 'cargo', 7830.00, NULL, NULL, '2025-12-01 21:24:15.222085+00', '2025-12-01 21:24:15.222085+00');
INSERT INTO public.checking_transactions VALUES ('3f832452-98cd-41b4-a046-643de46db28c', 'd7c5ec30-b2d6-4658-aefb-918bdaf5b70e', 2025, 11, '2025-11-24', 'Traspaso A:Claudia Astete', 'cargo', 5000.00, NULL, NULL, '2025-12-01 21:24:15.223532+00', '2025-12-01 21:24:15.223532+00');
INSERT INTO public.checking_transactions VALUES ('785c961f-e528-4962-a440-8359f462961d', 'd7c5ec30-b2d6-4658-aefb-918bdaf5b70e', 2025, 11, '2025-11-18', 'Traspaso A:Medio De Pago Fintoc', 'cargo', 5570.00, NULL, NULL, '2025-12-01 21:24:15.228241+00', '2025-12-01 21:24:15.228241+00');
INSERT INTO public.checking_transactions VALUES ('8313d626-9d63-4be3-bed2-031614faff55', 'd7c5ec30-b2d6-4658-aefb-918bdaf5b70e', 2025, 11, '2025-11-17', 'Cargo Seguro Accidentes Personales', 'cargo', 7631.00, NULL, NULL, '2025-12-01 21:24:15.22974+00', '2025-12-01 21:24:15.22974+00');
INSERT INTO public.checking_transactions VALUES ('3ef6a2f9-a81d-4548-84a8-d1d14e4a20c7', 'd7c5ec30-b2d6-4658-aefb-918bdaf5b70e', 2025, 11, '2025-11-11', 'Traspaso De:Omar Jose Fierro Chacare', 'abono', 15100.00, NULL, NULL, '2025-12-01 21:24:15.233619+00', '2025-12-01 21:24:15.233619+00');
INSERT INTO public.checking_transactions VALUES ('d6fa7f16-6f0b-437e-94ae-8e2af637c00f', 'd7c5ec30-b2d6-4658-aefb-918bdaf5b70e', 2025, 11, '2025-11-11', 'Traspaso A:Medio De Pago Fintoc', 'cargo', 5050.00, NULL, NULL, '2025-12-01 21:24:15.234829+00', '2025-12-01 21:24:15.234829+00');
INSERT INTO public.checking_transactions VALUES ('3fe45c97-adf2-4497-b748-7a0565037d9f', 'd7c5ec30-b2d6-4658-aefb-918bdaf5b70e', 2025, 11, '2025-11-11', 'Traspaso De:Katherine Romina Sire Gamboa', 'abono', 15070.00, NULL, NULL, '2025-12-01 21:24:15.235932+00', '2025-12-01 21:24:15.235932+00');
INSERT INTO public.checking_transactions VALUES ('abc6a045-8d95-4285-a5e7-e116b78b4201', 'd7c5ec30-b2d6-4658-aefb-918bdaf5b70e', 2025, 11, '2025-11-10', 'Cargo Seguro 360', 'cargo', 11893.00, NULL, NULL, '2025-12-01 21:24:15.238932+00', '2025-12-01 21:24:15.238932+00');
INSERT INTO public.checking_transactions VALUES ('7be6f5f4-499c-4857-ba00-8fe978d38bab', 'd7c5ec30-b2d6-4658-aefb-918bdaf5b70e', 2025, 11, '2025-11-10', 'Traspaso A:Medio De Pago Fintoc', 'cargo', 6180.00, NULL, NULL, '2025-12-01 21:24:15.24035+00', '2025-12-01 21:24:15.24035+00');
INSERT INTO public.checking_transactions VALUES ('071a5b23-7d87-4289-aab7-61fe5afab04b', 'd7c5ec30-b2d6-4658-aefb-918bdaf5b70e', 2025, 11, '2025-11-10', 'Traspaso A:Maria Jose Arestegui', 'cargo', 16000.00, NULL, NULL, '2025-12-01 21:24:15.241819+00', '2025-12-01 21:24:15.241819+00');
INSERT INTO public.checking_transactions VALUES ('7fd3d1b2-beaf-49cd-a4ba-fba13f744f7d', 'd7c5ec30-b2d6-4658-aefb-918bdaf5b70e', 2025, 11, '2025-11-10', 'Giro Cajero Automatico             *', 'cargo', 30000.00, NULL, NULL, '2025-12-01 21:24:15.24347+00', '2025-12-01 21:24:15.24347+00');
INSERT INTO public.checking_transactions VALUES ('06bf1e90-a65d-42ab-b7af-f7989f53f158', 'd7c5ec30-b2d6-4658-aefb-918bdaf5b70e', 2025, 11, '2025-11-10', 'Cargo Seguro Salud', 'cargo', 13943.00, NULL, NULL, '2025-12-01 21:24:15.244993+00', '2025-12-01 21:24:15.244993+00');
INSERT INTO public.checking_transactions VALUES ('7881e5d6-498a-4c3f-a25c-01913711aadb', 'd7c5ec30-b2d6-4658-aefb-918bdaf5b70e', 2025, 11, '2025-11-10', 'Traspaso De:Zarate Zuniga Jose Claudio', 'abono', 119140.00, NULL, NULL, '2025-12-01 21:24:15.248008+00', '2025-12-01 21:24:15.248008+00');
INSERT INTO public.checking_transactions VALUES ('1fa7b82f-f6a6-4bb3-8f53-a228b4e09475', 'd7c5ec30-b2d6-4658-aefb-918bdaf5b70e', 2025, 11, '2025-11-06', 'Traspaso A:Medio De Pago Fintoc', 'cargo', 4293.00, NULL, NULL, '2025-12-01 21:24:15.251522+00', '2025-12-01 21:24:15.251522+00');
INSERT INTO public.checking_transactions VALUES ('23589ba6-498e-49d0-91ad-ccfa67543481', 'd7c5ec30-b2d6-4658-aefb-918bdaf5b70e', 2025, 11, '2025-11-06', 'Traspaso De:Klau Spa', 'abono', 63553.00, NULL, NULL, '2025-12-01 21:24:15.252553+00', '2025-12-01 21:24:15.252553+00');
INSERT INTO public.checking_transactions VALUES ('0b454035-a1cc-491d-856e-985d84055066', 'd7c5ec30-b2d6-4658-aefb-918bdaf5b70e', 2025, 11, '2025-11-05', 'Pago De Creditos M/n', 'cargo', 658544.00, NULL, NULL, '2025-12-01 21:24:15.254611+00', '2025-12-01 21:24:15.254611+00');
INSERT INTO public.checking_transactions VALUES ('9bea4261-1c40-4b7d-af95-549267f91b41', 'd7c5ec30-b2d6-4658-aefb-918bdaf5b70e', 2025, 11, '2025-11-05', 'Traspaso De:Maria Jose Arestegui Galvez', 'abono', 166470.00, NULL, NULL, '2025-12-01 21:24:15.255558+00', '2025-12-01 21:24:15.255558+00');
INSERT INTO public.checking_transactions VALUES ('48a8527e-03a3-49f6-a5a7-f044eb3cdd6e', 'd7c5ec30-b2d6-4658-aefb-918bdaf5b70e', 2025, 11, '2025-11-04', 'Pago En Servipag.com*', 'cargo', 195258.00, NULL, NULL, '2025-12-01 21:24:15.258256+00', '2025-12-01 21:24:15.258256+00');
INSERT INTO public.checking_transactions VALUES ('6f9e984c-3ca9-4546-9db6-32e054225127', 'd7c5ec30-b2d6-4658-aefb-918bdaf5b70e', 2025, 11, '2025-11-04', 'Cargo Seguro Proteccion Bancaria', 'cargo', 5788.00, NULL, NULL, '2025-12-01 21:24:15.259688+00', '2025-12-01 21:24:15.259688+00');
INSERT INTO public.checking_transactions VALUES ('20e31582-f701-417b-bb4d-48e02eabc35c', 'd7c5ec30-b2d6-4658-aefb-918bdaf5b70e', 2025, 10, '2025-10-28', 'Traspaso A:Medio De Pago Fintoc', 'cargo', 4293.00, NULL, NULL, '2025-12-01 21:24:15.271529+00', '2025-12-01 21:24:15.271529+00');
INSERT INTO public.checking_transactions VALUES ('18cd1ada-6f9e-46c2-8a40-438df20fa1b4', 'd7c5ec30-b2d6-4658-aefb-918bdaf5b70e', 2025, 10, '2025-10-27', 'Traspaso A:Medio De Pago Fintoc', 'cargo', 6919.00, NULL, NULL, '2025-12-01 21:24:15.272544+00', '2025-12-01 21:24:15.272544+00');
INSERT INTO public.checking_transactions VALUES ('26a3696a-8732-4a28-b364-3a563d1d4e4f', 'd7c5ec30-b2d6-4658-aefb-918bdaf5b70e', 2025, 10, '2025-10-27', 'Giro Cajero Automatico             *', 'cargo', 10000.00, NULL, NULL, '2025-12-01 21:24:15.273898+00', '2025-12-01 21:24:15.273898+00');
INSERT INTO public.checking_transactions VALUES ('c53cc58f-fe65-42b1-b087-fe02f873a404', 'd7c5ec30-b2d6-4658-aefb-918bdaf5b70e', 2025, 10, '2025-10-27', 'Traspaso A:Comunidad Edificio Rio', 'cargo', 332327.00, NULL, NULL, '2025-12-01 21:24:15.275839+00', '2025-12-01 21:24:15.275839+00');
INSERT INTO public.checking_transactions VALUES ('57fc7154-1c00-42c8-9440-49513b0eff87', 'd7c5ec30-b2d6-4658-aefb-918bdaf5b70e', 2025, 10, '2025-10-27', 'Traspaso A:Comercializadora Migue', 'cargo', 7500.00, NULL, NULL, '2025-12-01 21:24:15.278976+00', '2025-12-01 21:24:15.278976+00');
INSERT INTO public.checking_transactions VALUES ('493c82f5-9424-4eef-a6fd-1fa9ee10eb75', 'd7c5ec30-b2d6-4658-aefb-918bdaf5b70e', 2025, 10, '2025-10-24', 'Cargo Por Pago Tc', 'cargo', 839341.00, NULL, NULL, '2025-12-01 21:24:15.285989+00', '2025-12-01 21:24:15.285989+00');
INSERT INTO public.checking_transactions VALUES ('a444da2f-4be6-4b06-b339-789315c39de5', 'd7c5ec30-b2d6-4658-aefb-918bdaf5b70e', 2025, 10, '2025-10-23', 'Traspaso A:Medio De Pago Fintoc', 'cargo', 4293.00, NULL, NULL, '2025-12-01 21:24:15.288239+00', '2025-12-01 21:24:15.288239+00');
INSERT INTO public.checking_transactions VALUES ('22ec3c5c-ecd5-4167-9791-782cfe0935b9', 'd7c5ec30-b2d6-4658-aefb-918bdaf5b70e', 2025, 10, '2025-10-20', 'Traspaso A:Medio De Pago Fintoc', 'cargo', 6656.00, NULL, NULL, '2025-12-01 21:24:15.291681+00', '2025-12-01 21:24:15.291681+00');
INSERT INTO public.checking_transactions VALUES ('1d6bf85c-9ed6-4b7a-89d4-c736f4cda66f', 'd7c5ec30-b2d6-4658-aefb-918bdaf5b70e', 2025, 10, '2025-10-20', 'Traspaso A:Sociedad Gastronomica', 'cargo', 46790.00, NULL, NULL, '2025-12-01 21:24:15.293034+00', '2025-12-01 21:24:15.293034+00');
INSERT INTO public.checking_transactions VALUES ('7ac9e3aa-1768-47e2-9527-3b073fb1f5f2', 'd7c5ec30-b2d6-4658-aefb-918bdaf5b70e', 2025, 12, '2025-12-02', 'Pago Tarjeta De Credito', 'cargo', 165716.00, NULL, NULL, '2025-12-01 21:45:14.11956+00', '2025-12-01 21:45:14.11956+00');
INSERT INTO public.checking_transactions VALUES ('b346b201-5e10-4df5-b034-eb448f9f1d11', 'd7c5ec30-b2d6-4658-aefb-918bdaf5b70e', 2025, 12, '2025-12-02', 'Cargo Por Pago Tc', 'cargo', 4466459.00, NULL, NULL, '2025-12-01 21:45:14.124581+00', '2025-12-01 21:45:14.124581+00');
INSERT INTO public.checking_transactions VALUES ('895013e2-c39f-43fd-a4db-b744738d34ae', 'd7c5ec30-b2d6-4658-aefb-918bdaf5b70e', 2025, 12, '2025-12-02', 'Cargo Por Pago Tc', 'cargo', 49789.00, NULL, NULL, '2025-12-01 21:45:14.126505+00', '2025-12-01 21:45:14.126505+00');
INSERT INTO public.checking_transactions VALUES ('815cc7c4-0348-421b-ae20-b2ca0b7880bc', 'd7c5ec30-b2d6-4658-aefb-918bdaf5b70e', 2025, 12, '2025-12-01', 'Traspaso A:Bym Spa', 'cargo', 78000.00, NULL, NULL, '2025-12-01 21:45:14.128435+00', '2025-12-01 21:45:14.128435+00');
INSERT INTO public.checking_transactions VALUES ('635e4b87-91e5-4498-8123-1cf858c58ff5', 'd7c5ec30-b2d6-4658-aefb-918bdaf5b70e', 2025, 12, '2025-12-01', 'Pac Unicef', 'cargo', 5000.00, NULL, NULL, '2025-12-01 21:45:14.133149+00', '2025-12-01 21:45:14.133149+00');
INSERT INTO public.checking_transactions VALUES ('2d84589f-c188-4d3b-9ab7-d1836cc121b7', 'd7c5ec30-b2d6-4658-aefb-918bdaf5b70e', 2025, 11, '2025-11-27', 'Cargo Seguro Robo', 'cargo', 9911.00, NULL, NULL, '2025-12-01 21:45:14.13569+00', '2025-12-01 21:45:14.13569+00');
INSERT INTO public.checking_transactions VALUES ('6b88ba69-0715-474d-8a1d-02cbbfad8821', 'd7c5ec30-b2d6-4658-aefb-918bdaf5b70e', 2025, 11, '2025-11-26', 'Pago:de Sueldos 0995200007', 'abono', 4640452.00, NULL, NULL, '2025-12-01 21:45:14.136818+00', '2025-12-01 21:45:14.136818+00');
INSERT INTO public.checking_transactions VALUES ('b6698310-464a-472b-b95d-ff51f4347e14', 'd7c5ec30-b2d6-4658-aefb-918bdaf5b70e', 2025, 11, '2025-11-24', 'Traspaso A:Bym Spa', 'cargo', 42000.00, NULL, NULL, '2025-12-01 21:45:14.139305+00', '2025-12-01 21:45:14.139305+00');
INSERT INTO public.checking_transactions VALUES ('22781a88-c01b-4506-8757-5a95b690f894', 'd7c5ec30-b2d6-4658-aefb-918bdaf5b70e', 2025, 11, '2025-11-18', 'Traspaso A:Raimundo Izuck Bustama', 'cargo', 10000.00, NULL, NULL, '2025-12-01 21:45:14.142598+00', '2025-12-01 21:45:14.142598+00');
INSERT INTO public.checking_transactions VALUES ('ad893f82-756c-4100-af02-26d31e94a581', 'd7c5ec30-b2d6-4658-aefb-918bdaf5b70e', 2025, 11, '2025-11-18', 'Traspaso A:Medio De Pago Fintoc', 'cargo', 5050.00, NULL, NULL, '2025-12-01 21:45:14.143653+00', '2025-12-01 21:45:14.143653+00');
INSERT INTO public.checking_transactions VALUES ('668c1355-b79e-4c2e-ab2f-03493fbe6e45', 'd7c5ec30-b2d6-4658-aefb-918bdaf5b70e', 2025, 11, '2025-11-13', 'Traspaso A:Medio De Pago Fintoc', 'cargo', 4040.00, NULL, NULL, '2025-12-01 21:45:14.147042+00', '2025-12-01 21:45:14.147042+00');
INSERT INTO public.checking_transactions VALUES ('9b627996-4e88-47a6-96e0-9fdf3b656098', 'd7c5ec30-b2d6-4658-aefb-918bdaf5b70e', 2025, 11, '2025-11-12', 'Traspaso A:Medio De Pago Fintoc', 'cargo', 4950.00, NULL, NULL, '2025-12-01 21:45:14.148138+00', '2025-12-01 21:45:14.148138+00');
INSERT INTO public.checking_transactions VALUES ('0b6f501d-0b6b-46d1-b0f2-16e6f7bf2276', 'd7c5ec30-b2d6-4658-aefb-918bdaf5b70e', 2025, 11, '2025-11-11', 'Traspaso De:Katherine Lozano Vidal', 'abono', 15000.00, NULL, NULL, '2025-12-01 21:45:14.152546+00', '2025-12-01 21:45:14.152546+00');
INSERT INTO public.checking_transactions VALUES ('153cb08a-5467-4a6f-a4e0-8d210fc15b62', 'd7c5ec30-b2d6-4658-aefb-918bdaf5b70e', 2025, 11, '2025-11-10', 'Traspaso A:Maria Vargas', 'cargo', 15300.00, NULL, NULL, '2025-12-01 21:45:14.159141+00', '2025-12-01 21:45:14.159141+00');
INSERT INTO public.checking_transactions VALUES ('8e5e1753-870c-431b-b01c-47c5ae4aac5b', 'd7c5ec30-b2d6-4658-aefb-918bdaf5b70e', 2025, 11, '2025-11-10', 'Traspaso A:Comercializadora Migue', 'cargo', 7500.00, NULL, NULL, '2025-12-01 21:45:14.161303+00', '2025-12-01 21:45:14.161303+00');
INSERT INTO public.checking_transactions VALUES ('55c75742-72bd-47f4-a253-f7e8650150f7', 'd7c5ec30-b2d6-4658-aefb-918bdaf5b70e', 2025, 11, '2025-11-06', 'Traspaso A:Irma Martinez', 'cargo', 150000.00, NULL, NULL, '2025-12-01 21:45:14.162323+00', '2025-12-01 21:45:14.162323+00');
INSERT INTO public.checking_transactions VALUES ('6437b632-8bb1-49fe-93fe-44a7a7db4d82', 'd7c5ec30-b2d6-4658-aefb-918bdaf5b70e', 2025, 11, '2025-11-06', 'Traspaso A:Klau Spa', 'cargo', 954608.00, NULL, NULL, '2025-12-01 21:45:14.165561+00', '2025-12-01 21:45:14.165561+00');
INSERT INTO public.checking_transactions VALUES ('0e04e304-6184-4b2f-a125-400655427baa', 'd7c5ec30-b2d6-4658-aefb-918bdaf5b70e', 2025, 11, '2025-11-05', 'Traspaso A:Patricia Sepulveda', 'cargo', 28000.00, NULL, NULL, '2025-12-01 21:45:14.168782+00', '2025-12-01 21:45:14.168782+00');
INSERT INTO public.checking_transactions VALUES ('3b7929ea-f5f7-4777-93fc-4ef5aeda2d11', 'd7c5ec30-b2d6-4658-aefb-918bdaf5b70e', 2025, 11, '2025-11-03', 'Pago De Creditos M/n', 'cargo', 695982.00, NULL, NULL, '2025-12-01 21:45:14.17203+00', '2025-12-01 21:45:14.17203+00');
INSERT INTO public.checking_transactions VALUES ('56fa737f-298a-4f5a-bd38-a247c8afe045', 'd7c5ec30-b2d6-4658-aefb-918bdaf5b70e', 2025, 11, '2025-11-03', 'Traspaso A:Hernan Lynch Cardenas', 'cargo', 28000.00, NULL, NULL, '2025-12-01 21:45:14.173123+00', '2025-12-01 21:45:14.173123+00');
INSERT INTO public.checking_transactions VALUES ('54555b23-3579-44e0-a33f-c6e3b0137fe9', 'd7c5ec30-b2d6-4658-aefb-918bdaf5b70e', 2025, 11, '2025-11-03', 'Pac Bci Seguros Generales', 'cargo', 83969.00, NULL, NULL, '2025-12-01 21:45:14.174488+00', '2025-12-01 21:45:14.174488+00');
INSERT INTO public.checking_transactions VALUES ('05721218-7e79-4aca-ad2a-03731b8e2892', 'd7c5ec30-b2d6-4658-aefb-918bdaf5b70e', 2025, 11, '2025-11-03', 'Pac Unicef', 'cargo', 5000.00, NULL, NULL, '2025-12-01 21:45:14.175554+00', '2025-12-01 21:45:14.175554+00');
INSERT INTO public.checking_transactions VALUES ('97057559-b14d-488c-8c20-b0c372c9c645', 'd7c5ec30-b2d6-4658-aefb-918bdaf5b70e', 2025, 10, '2025-10-30', 'Pago:proveedores 0762966190', 'abono', 78.00, NULL, NULL, '2025-12-01 21:45:14.177718+00', '2025-12-01 21:45:14.177718+00');
INSERT INTO public.checking_transactions VALUES ('21b2e72e-d838-48c8-a283-e999e292ba73', 'd7c5ec30-b2d6-4658-aefb-918bdaf5b70e', 2025, 10, '2025-10-30', 'Traspaso A:Medio De Pago Fintoc', 'cargo', 9546.00, NULL, NULL, '2025-12-01 21:45:14.179045+00', '2025-12-01 21:45:14.179045+00');
INSERT INTO public.checking_transactions VALUES ('4c500e00-e304-4eca-a753-201a5722e620', 'd7c5ec30-b2d6-4658-aefb-918bdaf5b70e', 2025, 10, '2025-10-30', 'Traspaso A:Medio De Pago Fintoc', 'cargo', 4293.00, NULL, NULL, '2025-12-01 21:45:14.180332+00', '2025-12-01 21:45:14.180332+00');
INSERT INTO public.checking_transactions VALUES ('0cbb61a1-732a-445c-8f59-74ec816b6a46', 'd7c5ec30-b2d6-4658-aefb-918bdaf5b70e', 2025, 10, '2025-10-29', 'Giro Cajero Automatico             *', 'cargo', 50000.00, NULL, NULL, '2025-12-01 21:45:14.181564+00', '2025-12-01 21:45:14.181564+00');
INSERT INTO public.checking_transactions VALUES ('234b78ca-6e28-4e55-8e34-24a4f740a59e', 'd7c5ec30-b2d6-4658-aefb-918bdaf5b70e', 2025, 10, '2025-10-28', 'Traspaso A:Bym Spa', 'cargo', 74000.00, NULL, NULL, '2025-12-01 21:45:14.18277+00', '2025-12-01 21:45:14.18277+00');
INSERT INTO public.checking_transactions VALUES ('23184a33-140a-41db-9a04-7fb0bd8248bb', 'd7c5ec30-b2d6-4658-aefb-918bdaf5b70e', 2025, 10, '2025-10-27', 'Cargo Seguro Robo', 'cargo', 9894.00, NULL, NULL, '2025-12-01 21:45:14.188913+00', '2025-12-01 21:45:14.188913+00');
INSERT INTO public.checking_transactions VALUES ('af3b0abb-f4c1-4295-8fe9-9fe5425fd6c5', 'd7c5ec30-b2d6-4658-aefb-918bdaf5b70e', 2025, 10, '2025-10-24', 'Pago:de Sueldos 0995200007', 'abono', 4683913.00, NULL, NULL, '2025-12-01 21:45:14.19145+00', '2025-12-01 21:45:14.19145+00');
INSERT INTO public.checking_transactions VALUES ('602caad9-924a-40ea-b220-34383376f08d', 'd7c5ec30-b2d6-4658-aefb-918bdaf5b70e', 2025, 10, '2025-10-24', 'Pago Tarjeta De Credito', 'cargo', 159520.00, NULL, NULL, '2025-12-01 21:45:14.192564+00', '2025-12-01 21:45:14.192564+00');
INSERT INTO public.checking_transactions VALUES ('271aa38e-99cf-44ad-b4fb-1a93f2675dd6', 'd7c5ec30-b2d6-4658-aefb-918bdaf5b70e', 2025, 10, '2025-10-24', 'Cargo Por Pago Tc', 'cargo', 1557149.00, NULL, NULL, '2025-12-01 21:45:14.193618+00', '2025-12-01 21:45:14.193618+00');
INSERT INTO public.checking_transactions VALUES ('1cf2dc8d-272b-4e11-8624-9a8fd3569c68', 'd7c5ec30-b2d6-4658-aefb-918bdaf5b70e', 2025, 10, '2025-10-24', 'Traspaso A:Medio De Pago Fintoc', 'cargo', 4293.00, NULL, NULL, '2025-12-01 21:45:14.195783+00', '2025-12-01 21:45:14.195783+00');
INSERT INTO public.checking_transactions VALUES ('b3c65821-97a2-4d4e-a9e0-6944df87afa4', 'd7c5ec30-b2d6-4658-aefb-918bdaf5b70e', 2025, 10, '2025-10-21', 'Traspaso A:Medio De Pago Fintoc', 'cargo', 4293.00, NULL, NULL, '2025-12-01 21:45:14.197932+00', '2025-12-01 21:45:14.197932+00');


--
-- Data for Name: financial_alerts; Type: TABLE DATA; Schema: public; Owner: finanzas_user
--



--
-- Data for Name: financial_snapshots; Type: TABLE DATA; Schema: public; Owner: finanzas_user
--



--
-- Data for Name: imports; Type: TABLE DATA; Schema: public; Owner: postgres
--

INSERT INTO public.imports VALUES ('369ca9f4-4e9a-4341-973c-9e820aac6421', 'd7c5ec30-b2d6-4658-aefb-918bdaf5b70e', 'banco_chile', 'mastercard', 'credit_card', 'Saldo_y_Mov_No_Facturado.xls', 67, 0, 0, '2025-10-31 04:04:09.954586+00', 2025, 12);
INSERT INTO public.imports VALUES ('f5839d4f-7c74-4adc-8d84-f5fb3616676f', 'd7c5ec30-b2d6-4658-aefb-918bdaf5b70e', 'banco_chile', 'mastercard', 'credit_card', 'Saldo_y_Mov_No_Facturado.xls', 67, 67, 0, '2025-10-31 04:20:17.780205+00', 2025, 12);
INSERT INTO public.imports VALUES ('490bcfb7-9565-43d3-bb2b-520efe615d0b', 'd7c5ec30-b2d6-4658-aefb-918bdaf5b70e', 'banco_chile', 'mastercard', 'credit_card', 'Saldo_y_Mov_No_Facturado.xls', 67, 67, 0, '2025-10-31 04:32:47.884196+00', 2025, 12);
INSERT INTO public.imports VALUES ('6ed8132e-a1c2-4064-8239-5bd1eecb96a1', 'd7c5ec30-b2d6-4658-aefb-918bdaf5b70e', 'banco_chile', 'mastercard', 'credit_card', 'Saldo_y_Mov_No_Facturado.xls', 67, 67, 0, '2025-10-31 04:46:11.674839+00', 2025, 12);
INSERT INTO public.imports VALUES ('adfead1b-6768-4421-86d1-255d8a922445', 'd7c5ec30-b2d6-4658-aefb-918bdaf5b70e', 'banco_chile', 'mastercard', 'credit_card', 'Saldo_y_Mov_No_Facturado (1).xls', 13, 12, 0, '2025-11-03 02:43:10.194661+00', 2025, 12);
INSERT INTO public.imports VALUES ('b11b5575-e510-4f9b-9019-7d9140cad19f', 'd7c5ec30-b2d6-4658-aefb-918bdaf5b70e', 'banco_chile', 'mastercard', 'credit_card', 'Saldo_y_Mov_No_Facturado (3).xls', 46, 43, 0, '2025-11-06 21:30:41.935534+00', 2025, 12);
INSERT INTO public.imports VALUES ('7d6f1c8e-aefe-4023-8651-5d886bd0699d', 'd7c5ec30-b2d6-4658-aefb-918bdaf5b70e', 'banco_chile', 'mastercard', 'email_sync', NULL, 0, 0, 0, '2025-12-01 01:49:50.183398+00', 2026, 1);
INSERT INTO public.imports VALUES ('c36e26a3-48e5-4e61-83bb-1309e573c3f5', 'd7c5ec30-b2d6-4658-aefb-918bdaf5b70e', 'banco_chile', 'mastercard', 'email_sync', NULL, 0, 0, 0, '2025-12-01 02:19:32.382226+00', 2026, 1);
INSERT INTO public.imports VALUES ('be34603a-2d1f-444a-919d-27fe74da5747', 'd7c5ec30-b2d6-4658-aefb-918bdaf5b70e', 'banco_chile', 'mastercard', 'email_sync', NULL, 0, 0, 0, '2025-12-01 03:41:17.185198+00', 2026, 1);
INSERT INTO public.imports VALUES ('953c91b5-d987-4601-8320-d00ce80021e8', 'd7c5ec30-b2d6-4658-aefb-918bdaf5b70e', 'banco_chile', 'mastercard', 'credit_card', 'Saldo_y_Mov_No_Facturado (5).xls', 58, 58, 0, '2025-12-01 03:52:58.441691+00', 2026, 1);
INSERT INTO public.imports VALUES ('7f858b47-88ae-466e-ae8f-b9dc66f64be6', 'd7c5ec30-b2d6-4658-aefb-918bdaf5b70e', 'banco_chile', 'mastercard', 'email_sync', NULL, 0, 0, 0, '2025-12-01 14:39:24.835595+00', 2026, 1);
INSERT INTO public.imports VALUES ('3ca56ea7-46ed-4c9e-82e6-1f00f68442e8', 'd7c5ec30-b2d6-4658-aefb-918bdaf5b70e', 'banco_chile', 'mastercard', 'email_sync', NULL, 0, 0, 0, '2025-12-02 00:58:27.630198+00', 2026, 1);
INSERT INTO public.imports VALUES ('93bb6b53-4990-4052-b925-b78a203d1d8d', 'd7c5ec30-b2d6-4658-aefb-918bdaf5b70e', 'banco_chile', 'mastercard', 'email_sync', NULL, 0, 0, 0, '2025-12-02 00:58:27.630198+00', 2026, 1);
INSERT INTO public.imports VALUES ('37b3094e-637c-428d-8760-5a6f18f57c44', 'd7c5ec30-b2d6-4658-aefb-918bdaf5b70e', 'banco_chile', 'mastercard', 'email_sync', NULL, 0, 0, 0, '2025-12-02 00:58:27.630198+00', 2026, 1);
INSERT INTO public.imports VALUES ('34c6a356-dd7c-4c49-8d35-05513afc9d0f', 'd7c5ec30-b2d6-4658-aefb-918bdaf5b70e', 'banco_chile', 'mastercard', 'email_sync', NULL, 0, 0, 0, '2025-12-02 03:16:13.647313+00', 2026, 1);
INSERT INTO public.imports VALUES ('99b24585-89e5-45df-855c-6682b804289b', 'd7c5ec30-b2d6-4658-aefb-918bdaf5b70e', 'banco_chile', 'mastercard', 'email_sync', NULL, 0, 0, 0, '2025-12-03 03:10:16.051254+00', 2026, 1);
INSERT INTO public.imports VALUES ('8dca1101-812a-4c26-8706-d6545c13e302', 'd7c5ec30-b2d6-4658-aefb-918bdaf5b70e', 'banco_chile', 'mastercard', 'email_sync', NULL, 0, 0, 0, '2025-12-03 03:10:16.051254+00', 2026, 1);
INSERT INTO public.imports VALUES ('28c78c11-c8fe-41df-b41a-0f7f60c399fc', 'd7c5ec30-b2d6-4658-aefb-918bdaf5b70e', 'banco_chile', 'mastercard', 'email_sync', NULL, 0, 0, 0, '2025-12-03 03:10:16.051254+00', 2026, 1);
INSERT INTO public.imports VALUES ('67c0b61f-b07d-4e96-8304-577b89af8452', 'd7c5ec30-b2d6-4658-aefb-918bdaf5b70e', 'banco_chile', 'mastercard', 'email_sync', NULL, 0, 0, 0, '2025-12-03 03:10:16.051254+00', 2026, 1);
INSERT INTO public.imports VALUES ('2ddd9cb6-a547-49ec-a173-eb93d2620b7d', 'd7c5ec30-b2d6-4658-aefb-918bdaf5b70e', 'banco_chile', 'mastercard', 'email_sync', NULL, 0, 0, 0, '2025-12-03 03:10:16.051254+00', 2026, 1);
INSERT INTO public.imports VALUES ('c033147f-0b30-41c2-bbc3-889dd54e09d4', 'd7c5ec30-b2d6-4658-aefb-918bdaf5b70e', 'banco_chile', 'mastercard', 'email_sync', NULL, 0, 0, 0, '2025-12-03 03:10:16.051254+00', 2026, 1);
INSERT INTO public.imports VALUES ('a248696d-6eb2-4600-9ce8-e776f37ed76a', 'd7c5ec30-b2d6-4658-aefb-918bdaf5b70e', 'banco_chile', 'mastercard', 'email_sync', NULL, 0, 0, 0, '2025-12-03 03:10:16.051254+00', 2026, 1);
INSERT INTO public.imports VALUES ('3231682b-877b-4242-8438-5f7a42d2343b', 'd7c5ec30-b2d6-4658-aefb-918bdaf5b70e', 'banco_chile', 'mastercard', 'email_sync', NULL, 0, 0, 0, '2025-12-03 03:10:16.051254+00', 2026, 1);
INSERT INTO public.imports VALUES ('16e765bf-96a4-4b97-92ca-3762fc2b274c', 'd7c5ec30-b2d6-4658-aefb-918bdaf5b70e', 'banco_chile', 'mastercard', 'email_sync', NULL, 0, 0, 0, '2025-12-03 03:10:16.051254+00', 2026, 1);
INSERT INTO public.imports VALUES ('95f2db87-e638-4056-a176-3849de18282d', 'd7c5ec30-b2d6-4658-aefb-918bdaf5b70e', 'banco_chile', 'mastercard', 'email_sync', NULL, 0, 0, 0, '2025-12-04 01:35:17.363855+00', 2026, 1);
INSERT INTO public.imports VALUES ('a6fcb3b3-9776-4d3c-9861-cd13bd32afc3', 'd7c5ec30-b2d6-4658-aefb-918bdaf5b70e', 'banco_chile', 'mastercard', 'email_sync', NULL, 0, 0, 0, '2025-12-04 01:35:17.363855+00', 2026, 1);
INSERT INTO public.imports VALUES ('c6d76423-de86-48e8-aabc-a6f687944f79', 'd7c5ec30-b2d6-4658-aefb-918bdaf5b70e', 'banco_chile', 'mastercard', 'email_sync', NULL, 0, 0, 0, '2025-12-04 01:35:17.363855+00', 2026, 1);
INSERT INTO public.imports VALUES ('55e8498e-b411-48c4-89eb-25434a8a0b4b', 'd7c5ec30-b2d6-4658-aefb-918bdaf5b70e', 'banco_chile', 'mastercard', 'email_sync', NULL, 0, 0, 0, '2025-12-04 01:35:17.363855+00', 2026, 1);
INSERT INTO public.imports VALUES ('86109dc4-8a9b-486e-a0ea-fd6ef0781641', 'd7c5ec30-b2d6-4658-aefb-918bdaf5b70e', 'banco_chile', 'mastercard', 'email_sync', NULL, 0, 0, 0, '2025-12-04 01:35:17.363855+00', 2026, 1);
INSERT INTO public.imports VALUES ('ab83bcc5-fbcf-4206-a070-7500d9c273a2', 'd7c5ec30-b2d6-4658-aefb-918bdaf5b70e', 'banco_chile', 'mastercard', 'email_sync', NULL, 0, 0, 0, '2025-12-05 23:13:20.551828+00', 2026, 1);
INSERT INTO public.imports VALUES ('0abdfe80-6a8c-43a1-a256-b17b786bc000', 'd7c5ec30-b2d6-4658-aefb-918bdaf5b70e', 'banco_chile', 'mastercard', 'email_sync', NULL, 0, 0, 0, '2025-12-05 23:13:20.551828+00', 2026, 1);
INSERT INTO public.imports VALUES ('67eee2c1-7cb0-4f6c-aa4d-770a2751637d', 'd7c5ec30-b2d6-4658-aefb-918bdaf5b70e', 'banco_chile', 'mastercard', 'email_sync', NULL, 0, 0, 0, '2025-12-05 23:13:20.551828+00', 2026, 1);
INSERT INTO public.imports VALUES ('1a9b8a6e-5aaa-459b-b590-f4bd7fe99a31', 'd7c5ec30-b2d6-4658-aefb-918bdaf5b70e', 'banco_chile', 'mastercard', 'email_sync', NULL, 0, 0, 0, '2025-12-05 23:13:20.551828+00', 2026, 1);
INSERT INTO public.imports VALUES ('7f7d5d41-9178-446b-a5df-7d2d34b5b098', 'd7c5ec30-b2d6-4658-aefb-918bdaf5b70e', 'banco_chile', 'mastercard', 'email_sync', NULL, 0, 0, 0, '2025-12-05 23:13:20.551828+00', 2026, 1);
INSERT INTO public.imports VALUES ('97b94684-5c88-4ed9-a20f-fa0bab3bb7f3', 'd7c5ec30-b2d6-4658-aefb-918bdaf5b70e', 'banco_chile', 'mastercard', 'email_sync', NULL, 0, 0, 0, '2025-12-05 23:13:20.551828+00', 2026, 1);
INSERT INTO public.imports VALUES ('486b089a-26ac-4d31-8eae-8bf9b7ddb88a', 'd7c5ec30-b2d6-4658-aefb-918bdaf5b70e', 'banco_chile', 'mastercard', 'email_sync', NULL, 0, 0, 0, '2025-12-05 23:13:20.551828+00', 2026, 1);
INSERT INTO public.imports VALUES ('e4fef09a-273b-4417-a888-e7c19a7f654d', 'd7c5ec30-b2d6-4658-aefb-918bdaf5b70e', 'banco_chile', 'mastercard', 'email_sync', NULL, 0, 0, 0, '2025-12-05 23:13:20.551828+00', 2026, 1);
INSERT INTO public.imports VALUES ('f80e0780-1fd6-4a67-9a36-e74f21951e6d', 'd7c5ec30-b2d6-4658-aefb-918bdaf5b70e', 'banco_chile', 'mastercard', 'email_sync', NULL, 0, 0, 0, '2025-12-05 23:13:20.551828+00', 2026, 1);
INSERT INTO public.imports VALUES ('2de17986-4705-4114-b93a-064ab4d50bac', 'd7c5ec30-b2d6-4658-aefb-918bdaf5b70e', 'banco_chile', 'mastercard', 'email_sync', NULL, 0, 0, 0, '2025-12-05 23:13:20.551828+00', 2026, 1);
INSERT INTO public.imports VALUES ('3da43b30-62ad-43f6-9720-eaa303309bf5', 'd7c5ec30-b2d6-4658-aefb-918bdaf5b70e', 'banco_chile', 'mastercard', 'email_sync', NULL, 0, 0, 0, '2025-12-05 23:13:20.551828+00', 2026, 1);
INSERT INTO public.imports VALUES ('55e6676d-31e1-4d0a-b412-f4074680a4f2', 'd7c5ec30-b2d6-4658-aefb-918bdaf5b70e', 'banco_chile', 'mastercard', 'email_sync', NULL, 0, 0, 0, '2025-12-05 23:13:20.551828+00', 2026, 1);
INSERT INTO public.imports VALUES ('a928464d-b769-4162-8912-079e8b9ee6c6', 'd7c5ec30-b2d6-4658-aefb-918bdaf5b70e', 'banco_chile', 'mastercard', 'email_sync', NULL, 0, 0, 0, '2025-12-05 23:13:20.551828+00', 2026, 1);
INSERT INTO public.imports VALUES ('4f3d7398-c68f-4642-bd87-167e9e58556a', 'd7c5ec30-b2d6-4658-aefb-918bdaf5b70e', 'banco_chile', 'mastercard', 'email_sync', NULL, 0, 0, 0, '2025-12-05 23:13:20.551828+00', 2026, 1);
INSERT INTO public.imports VALUES ('d46a3724-543b-46f2-9b50-83a61ec9d0cb', 'd7c5ec30-b2d6-4658-aefb-918bdaf5b70e', 'banco_chile', 'mastercard', 'email_sync', NULL, 0, 0, 0, '2025-12-06 01:27:40.261306+00', 2026, 1);
INSERT INTO public.imports VALUES ('8cb6a4db-e716-43d0-ac9c-b5bb327c4c45', 'd7c5ec30-b2d6-4658-aefb-918bdaf5b70e', 'banco_chile', 'mastercard', 'email_sync', NULL, 0, 0, 0, '2025-12-06 01:27:40.261306+00', 2026, 1);
INSERT INTO public.imports VALUES ('7dc67659-282e-4422-9915-df7fd0d7bb7f', 'd7c5ec30-b2d6-4658-aefb-918bdaf5b70e', 'banco_chile', 'mastercard', 'email_sync', NULL, 0, 0, 0, '2025-12-06 01:27:40.261306+00', 2026, 1);
INSERT INTO public.imports VALUES ('dac09904-b0e2-4083-9751-645d7037889a', 'd7c5ec30-b2d6-4658-aefb-918bdaf5b70e', 'banco_chile', 'mastercard', 'email_sync', NULL, 0, 0, 0, '2025-12-06 01:27:40.261306+00', 2026, 1);
INSERT INTO public.imports VALUES ('c8fb368a-a2ea-450b-9855-948dc99ce89c', 'd7c5ec30-b2d6-4658-aefb-918bdaf5b70e', 'banco_chile', 'mastercard', 'email_sync', NULL, 0, 0, 0, '2025-12-06 17:11:19.296425+00', 2026, 1);
INSERT INTO public.imports VALUES ('a95ea527-a78a-4811-b1e1-f9aed9bbebcf', 'd7c5ec30-b2d6-4658-aefb-918bdaf5b70e', 'banco_chile', 'mastercard', 'email_sync', NULL, 0, 0, 0, '2025-12-09 03:24:18.579824+00', 2026, 1);
INSERT INTO public.imports VALUES ('74ce27f2-9fd7-4bcd-afa4-133322658fb3', 'd7c5ec30-b2d6-4658-aefb-918bdaf5b70e', 'banco_chile', 'mastercard', 'email_sync', NULL, 0, 0, 0, '2025-12-09 03:24:18.579824+00', 2026, 1);
INSERT INTO public.imports VALUES ('e5f5029a-fdf7-4f6a-af21-b4dbc0f39adb', 'd7c5ec30-b2d6-4658-aefb-918bdaf5b70e', 'banco_chile', 'mastercard', 'email_sync', NULL, 0, 0, 0, '2025-12-09 03:24:18.579824+00', 2026, 1);
INSERT INTO public.imports VALUES ('3ff6edbb-ae6f-4d3a-8d86-ec8a99116f3d', 'd7c5ec30-b2d6-4658-aefb-918bdaf5b70e', 'banco_chile', 'mastercard', 'email_sync', NULL, 0, 0, 0, '2025-12-09 03:24:18.579824+00', 2026, 1);
INSERT INTO public.imports VALUES ('41904f62-fea8-4a46-bb84-e8b82e33c6b3', 'd7c5ec30-b2d6-4658-aefb-918bdaf5b70e', 'banco_chile', 'mastercard', 'email_sync', NULL, 0, 0, 0, '2025-12-09 03:24:18.579824+00', 2026, 1);
INSERT INTO public.imports VALUES ('8291c66d-d44d-4a14-8176-11460e415a35', 'd7c5ec30-b2d6-4658-aefb-918bdaf5b70e', 'banco_chile', 'mastercard', 'email_sync', NULL, 0, 0, 0, '2025-12-09 03:24:18.579824+00', 2026, 1);


--
-- Data for Name: installment_plans; Type: TABLE DATA; Schema: public; Owner: postgres
--

INSERT INTO public.installment_plans VALUES ('1d1abb1d-c17d-49bd-966e-67408a4db204', '35b6d8e3-ad20-4d31-8395-34ba92f2c5ac', 'mastercard', 'AVANCE PAGO TC TASA INT. 0,60%', 76448.00, 36, 2025, 10, 23, NULL, NULL, true, '2025-09-12 03:31:15.861533+00', '2025-09-12 03:31:15.861533+00');
INSERT INTO public.installment_plans VALUES ('7f9bd731-e151-4a16-98b9-6298438fc73a', '35b6d8e3-ad20-4d31-8395-34ba92f2c5ac', 'mastercard', 'MP *JETSMART TASA INT. 2,19%', 157402.00, 12, 2025, 10, 11, NULL, NULL, true, '2025-09-12 03:31:56.344422+00', '2025-09-12 03:31:56.344422+00');
INSERT INTO public.installment_plans VALUES ('aa4e019c-a988-43ac-b556-ab75656f7565', '35b6d8e3-ad20-4d31-8395-34ba92f2c5ac', 'mastercard', 'MERCADO PAGO 4 TCOM TASA INT. 0,00%', 58250.00, 12, 2025, 10, 9, NULL, NULL, true, '2025-09-12 03:32:31.17855+00', '2025-09-12 03:32:31.17855+00');
INSERT INTO public.installment_plans VALUES ('012fd8f8-2c9f-4614-9141-3f67f5ed211b', '35b6d8e3-ad20-4d31-8395-34ba92f2c5ac', 'mastercard', 'TRAVEL TIENDA TCOMP TASA INT. 0,00%', 18958.00, 24, 2025, 10, 7, NULL, NULL, true, '2025-09-12 03:33:10.091543+00', '2025-09-12 03:33:10.091543+00');
INSERT INTO public.installment_plans VALUES ('1bb15c63-f997-4a18-8050-f7cf712ffbad', '35b6d8e3-ad20-4d31-8395-34ba92f2c5ac', 'mastercard', 'ESTETICA OROFACIAL SPA TASA INT. 0,00%', 16667.00, 12, 2025, 10, 6, NULL, NULL, true, '2025-09-12 03:33:42.222193+00', '2025-09-12 03:33:42.222193+00');
INSERT INTO public.installment_plans VALUES ('f19d18eb-590b-4b9f-9760-352589cd0478', '35b6d8e3-ad20-4d31-8395-34ba92f2c5ac', 'mastercard', 'CRED. PAGO EN CUOTA TASA INT. 1,82%', 107982.00, 36, 2025, 10, 2, NULL, NULL, true, '2025-09-12 03:34:04.218978+00', '2025-09-12 03:34:04.218978+00');
INSERT INTO public.installment_plans VALUES ('89427d30-ca38-4e40-b2ba-aeed86095e62', '35b6d8e3-ad20-4d31-8395-34ba92f2c5ac', 'mastercard', 'MP *CONSTANZA ANDR TASA INT. 0,00%', 32000.00, 3, 2025, 10, 3, NULL, NULL, true, '2025-09-12 03:34:22.337685+00', '2025-09-12 03:34:22.337685+00');
INSERT INTO public.installment_plans VALUES ('e022a761-af61-469f-bd00-8cab7908393b', '35b6d8e3-ad20-4d31-8395-34ba92f2c5ac', 'mastercard', 'TRAVEL DUTY TCOMP TASA INT. 0,00%', 21334.00, 6, 2025, 10, 2, NULL, NULL, true, '2025-09-12 03:34:44.250031+00', '2025-09-12 03:34:44.250031+00');
INSERT INTO public.installment_plans VALUES ('f252d21a-3704-4eed-af67-50ee7d3c191c', '35b6d8e3-ad20-4d31-8395-34ba92f2c5ac', 'mastercard', 'CRED. PAGO EN CUOTA TASA INT. 1,82%', 216102.00, 24, 2025, 10, 1, NULL, NULL, true, '2025-09-12 03:43:14.734744+00', '2025-09-12 03:43:14.734744+00');
INSERT INTO public.installment_plans VALUES ('b1508da6-63e1-400c-bd99-0270eead66a7', '35b6d8e3-ad20-4d31-8395-34ba92f2c5ac', 'mastercard', 'BACKONLINE MUT TASA INT. 0,00%', 20993.00, 3, 2025, 10, 2, NULL, NULL, true, '2025-09-13 03:51:16.318912+00', '2025-09-13 03:51:16.318912+00');
INSERT INTO public.installment_plans VALUES ('c49e7d9f-2ea7-45f2-8458-b8e41e397f5a', '35b6d8e3-ad20-4d31-8395-34ba92f2c5ac', 'mastercard', 'VINA DEL MAR TASA INT. 0,00%', 90658.00, 6, 2025, 10, 2, NULL, 'Bajo', true, '2025-09-13 03:51:50.747672+00', '2025-09-13 03:51:50.747672+00');
INSERT INTO public.installment_plans VALUES ('490973c1-274d-4c70-ba2a-0e58357e6468', '35b6d8e3-ad20-4d31-8395-34ba92f2c5ac', 'mastercard', 'REEBOK MARINA ARAUCO TASA INT. 0,00%', 39990.00, 3, 2025, 10, 2, NULL, NULL, true, '2025-09-13 03:52:17.474754+00', '2025-09-13 03:52:17.474754+00');
INSERT INTO public.installment_plans VALUES ('b3406da0-d348-47f0-abf0-afeb0d2660b7', '35b6d8e3-ad20-4d31-8395-34ba92f2c5ac', 'mastercard', 'STORE MARINA ARAUCO TASA INT. 0,00%', 23330.00, 12, 2025, 10, 2, NULL, NULL, true, '2025-09-13 03:52:56.982544+00', '2025-09-13 03:52:56.982544+00');
INSERT INTO public.installment_plans VALUES ('16ed809e-300a-4515-bc45-6ad31929ee3c', '35b6d8e3-ad20-4d31-8395-34ba92f2c5ac', 'mastercard', 'ZARA MARINA ARAUCO. TASA INT. 0,00%', 27623.00, 3, 2025, 10, 2, NULL, NULL, true, '2025-09-13 03:53:28.589848+00', '2025-09-13 03:53:28.589848+00');
INSERT INTO public.installment_plans VALUES ('c2b8473c-b139-4566-92bb-3b69877588f9', '35b6d8e3-ad20-4d31-8395-34ba92f2c5ac', 'mastercard', 'ESC.DE CONDUCTORES VIN TASA INT. 0,00%', 32483.00, 6, 2025, 10, 2, NULL, NULL, true, '2025-09-13 03:54:09.107509+00', '2025-09-13 03:54:09.107509+00');
INSERT INTO public.installment_plans VALUES ('fa542cf3-48e6-4c7c-958c-f425fe3a7dbf', '35b6d8e3-ad20-4d31-8395-34ba92f2c5ac', 'mastercard', 'TRAVEL TIENDA TCOMP TASA INT. 0,00%', 20708.00, 24, 2025, 10, 1, NULL, 'Lavadora', true, '2025-09-13 03:55:04.176191+00', '2025-09-13 03:55:04.176191+00');
INSERT INTO public.installment_plans VALUES ('3d32f7b6-f7c7-4bae-bac0-2c3b2b58e1eb', '35b6d8e3-ad20-4d31-8395-34ba92f2c5ac', 'mastercard', 'MERCADOPAGO *WILDLA TASA INT 0,00%', 41740.00, 3, 2025, 10, 1, NULL, NULL, true, '2025-09-13 03:55:41.60701+00', '2025-09-13 03:55:41.60701+00');
INSERT INTO public.installment_plans VALUES ('0ea06f5a-02f6-4e3f-b12f-0ebcae7eab74', '35b6d8e3-ad20-4d31-8395-34ba92f2c5ac', 'mastercard', 'MP *CRUZVERDE TASA INT. 0,00%', 37050.00, 3, 2025, 10, 3, NULL, NULL, true, '2025-09-12 03:38:33.518601+00', '2025-09-13 03:55:53.661503+00');
INSERT INTO public.installment_plans VALUES ('67cc053e-1c24-4168-ae1c-ee981db31d0c', '35b6d8e3-ad20-4d31-8395-34ba92f2c5ac', 'visa', 'MACONLINE WEB10 TASA INT. 0,00%', 56249.00, 24, 2025, 10, 18, NULL, NULL, true, '2025-09-13 03:57:57.477203+00', '2025-09-13 03:57:57.477203+00');
INSERT INTO public.installment_plans VALUES ('297a489c-2d19-4379-8bdc-818abde1bbf1', '35b6d8e3-ad20-4d31-8395-34ba92f2c5ac', 'visa', 'TRAVEL TIENDA TCOMP TASA INT. 0,00%', 48124.00, 24, 2025, 10, 18, NULL, NULL, true, '2025-09-13 03:58:32.440545+00', '2025-09-13 03:58:32.440545+00');
INSERT INTO public.installment_plans VALUES ('18623f29-3cb4-4eda-bbe4-4f3b473b1e13', '35b6d8e3-ad20-4d31-8395-34ba92f2c5ac', 'visa', 'FLOW *SAMSUNG TASA INT. 0,00%', 3082.00, 24, 2025, 10, 18, NULL, NULL, true, '2025-09-13 03:58:55.03592+00', '2025-09-13 03:58:55.03592+00');
INSERT INTO public.installment_plans VALUES ('064d2b7d-ab6f-46d1-b66f-dd6d20019a03', '35b6d8e3-ad20-4d31-8395-34ba92f2c5ac', 'visa', 'COOPERATIVA EL GRAN TASA INT. 2,60%', 61791.00, 6, 2025, 10, 4, NULL, NULL, true, '2025-09-13 03:59:43.155441+00', '2025-09-13 03:59:43.155441+00');
INSERT INTO public.installment_plans VALUES ('083fad51-1368-48c9-b7e3-a7632dd9673f', '35b6d8e3-ad20-4d31-8395-34ba92f2c5ac', 'mastercard', 'MERCADOPAGO*MLA TASA INT. 2,60%', 57689.00, 6, 2025, 10, 4, NULL, NULL, true, '2025-09-13 04:00:15.796217+00', '2025-09-13 04:06:01.150683+00');
INSERT INTO public.installment_plans VALUES ('3cebd1f9-3a2f-4467-94e4-1d6b830544da', '35b6d8e3-ad20-4d31-8395-34ba92f2c5ac', 'visa', 'MERCADOPAGO*MLA TASA INT. 2,60%', 57689.00, 6, 2025, 10, 4, NULL, NULL, true, '2025-09-13 04:06:43.014678+00', '2025-09-13 04:06:43.014678+00');
INSERT INTO public.installment_plans VALUES ('9cf17fae-5b99-489b-884e-6479a5c66977', '35b6d8e3-ad20-4d31-8395-34ba92f2c5ac', 'visa', 'HE ESPINOZA SPA TASA INT. 0,00%', 93333.00, 3, 2025, 10, 3, NULL, NULL, true, '2025-09-13 17:41:22.973261+00', '2025-09-13 17:41:22.973261+00');
INSERT INTO public.installment_plans VALUES ('b3917943-7387-481e-8ebf-2d2069e44e88', '35b6d8e3-ad20-4d31-8395-34ba92f2c5ac', 'visa', 'BODEGAS OLMUE TASA INT. 0,00%', 34767.00, 1, 2025, 10, 1, NULL, NULL, true, '2025-09-13 17:41:55.838297+00', '2025-09-13 17:42:20.626409+00');
INSERT INTO public.installment_plans VALUES ('c5ba6c12-3b86-4385-9f76-36f1ba38164d', '35b6d8e3-ad20-4d31-8395-34ba92f2c5ac', 'visa', 'BODEGAS OLMUE TASA INT. 0,00%', 34767.00, 3, 2025, 10, 3, NULL, NULL, true, '2025-09-13 17:42:59.212087+00', '2025-09-13 17:42:59.212087+00');
INSERT INTO public.installment_plans VALUES ('3a907e06-f413-4d43-b17a-5217e5953ee6', '35b6d8e3-ad20-4d31-8395-34ba92f2c5ac', 'visa', 'HIPER 978 LIMACHE TASA INT. 0,00%', 37196.00, 3, 2025, 10, 2, NULL, NULL, true, '2025-09-13 17:43:28.423493+00', '2025-09-13 17:43:28.423493+00');
INSERT INTO public.installment_plans VALUES ('d6fac725-5f2f-4e11-9f0b-2f08acebfd05', '35b6d8e3-ad20-4d31-8395-34ba92f2c5ac', 'visa', 'EXPRESS VINA DEL MA TASA INT. 0,00%', 13766.00, 3, 2025, 10, 2, NULL, NULL, true, '2025-09-13 17:43:52.106805+00', '2025-09-13 17:43:52.106805+00');
INSERT INTO public.installment_plans VALUES ('d7010ac4-3e5d-498b-94f5-66974c2e06c5', '35b6d8e3-ad20-4d31-8395-34ba92f2c5ac', 'visa', 'COMERCIAL Y SERVICI TASA INT. 0,00%', 8333.00, 3, 2025, 10, 2, NULL, NULL, true, '2025-09-13 17:44:21.556269+00', '2025-09-13 17:44:21.556269+00');
INSERT INTO public.installment_plans VALUES ('fe05e731-e710-4a04-bf6c-06079892d5fd', '35b6d8e3-ad20-4d31-8395-34ba92f2c5ac', 'visa', 'MERCADOPAGO*PRAIASU TASA INT. 0,00%', 7667.00, 3, 2025, 10, 2, NULL, NULL, true, '2025-09-13 17:44:43.952966+00', '2025-09-13 17:44:43.952966+00');
INSERT INTO public.installment_plans VALUES ('113b5957-cf7a-4a9a-8889-304ca69a1cad', '35b6d8e3-ad20-4d31-8395-34ba92f2c5ac', 'visa', 'MP *EXPER SPA TASA INT. 0,00%', 7266.00, 3, 2025, 10, 2, NULL, NULL, true, '2025-09-13 17:45:07.279428+00', '2025-09-13 17:45:07.279428+00');
INSERT INTO public.installment_plans VALUES ('8d29be07-8049-493e-b436-8d972ef04795', '35b6d8e3-ad20-4d31-8395-34ba92f2c5ac', 'visa', 'SALCOBRAND OLMUE TASA INT. 0,00%', 8064.00, 3, 2025, 10, 2, NULL, NULL, true, '2025-09-13 17:45:28.090241+00', '2025-09-13 17:45:28.090241+00');


--
-- Data for Name: installment_occurrences; Type: TABLE DATA; Schema: public; Owner: postgres
--

INSERT INTO public.installment_occurrences VALUES ('65352452-dbc4-473e-93cd-a4520b9c9c0c', '35b6d8e3-ad20-4d31-8395-34ba92f2c5ac', '1d1abb1d-c17d-49bd-966e-67408a4db204', 2025, 11, 24, 76448.00, NULL, true, '2025-09-12 03:31:15.879429+00', '2025-09-12 03:31:15.879429+00');
INSERT INTO public.installment_occurrences VALUES ('0ed6572c-f9a4-4f1b-8729-69906b04fc03', '35b6d8e3-ad20-4d31-8395-34ba92f2c5ac', '1d1abb1d-c17d-49bd-966e-67408a4db204', 2025, 12, 25, 76448.00, NULL, true, '2025-09-12 03:31:15.882166+00', '2025-09-12 03:31:15.882166+00');
INSERT INTO public.installment_occurrences VALUES ('6fae3741-241e-4334-bf0f-22dfa28ad0c0', '35b6d8e3-ad20-4d31-8395-34ba92f2c5ac', '1d1abb1d-c17d-49bd-966e-67408a4db204', 2026, 1, 26, 76448.00, NULL, true, '2025-09-12 03:31:15.884523+00', '2025-09-12 03:31:15.884523+00');
INSERT INTO public.installment_occurrences VALUES ('983ff0cc-5003-4648-82bd-2ce6519bc142', '35b6d8e3-ad20-4d31-8395-34ba92f2c5ac', '1d1abb1d-c17d-49bd-966e-67408a4db204', 2026, 2, 27, 76448.00, NULL, true, '2025-09-12 03:31:15.886162+00', '2025-09-12 03:31:15.886162+00');
INSERT INTO public.installment_occurrences VALUES ('d8becebc-8c4c-4f60-b89f-3e771419d746', '35b6d8e3-ad20-4d31-8395-34ba92f2c5ac', '1d1abb1d-c17d-49bd-966e-67408a4db204', 2026, 3, 28, 76448.00, NULL, true, '2025-09-12 03:31:15.888523+00', '2025-09-12 03:31:15.888523+00');
INSERT INTO public.installment_occurrences VALUES ('fe0c61a4-5a22-49f5-8c1a-853e2a998ac1', '35b6d8e3-ad20-4d31-8395-34ba92f2c5ac', '1d1abb1d-c17d-49bd-966e-67408a4db204', 2026, 4, 29, 76448.00, NULL, true, '2025-09-12 03:31:15.889884+00', '2025-09-12 03:31:15.889884+00');
INSERT INTO public.installment_occurrences VALUES ('1353e90e-1a3a-45bd-a2a2-c4b869621ae0', '35b6d8e3-ad20-4d31-8395-34ba92f2c5ac', '1d1abb1d-c17d-49bd-966e-67408a4db204', 2026, 5, 30, 76448.00, NULL, true, '2025-09-12 03:31:15.89217+00', '2025-09-12 03:31:15.89217+00');
INSERT INTO public.installment_occurrences VALUES ('3fed6f90-9ffb-4ba0-980f-d86fe81596c5', '35b6d8e3-ad20-4d31-8395-34ba92f2c5ac', '1d1abb1d-c17d-49bd-966e-67408a4db204', 2026, 6, 31, 76448.00, NULL, true, '2025-09-12 03:31:15.894226+00', '2025-09-12 03:31:15.894226+00');
INSERT INTO public.installment_occurrences VALUES ('29af0e32-0676-4b5c-a1b8-344e95424acb', '35b6d8e3-ad20-4d31-8395-34ba92f2c5ac', '1d1abb1d-c17d-49bd-966e-67408a4db204', 2026, 7, 32, 76448.00, NULL, true, '2025-09-12 03:31:15.896986+00', '2025-09-12 03:31:15.896986+00');
INSERT INTO public.installment_occurrences VALUES ('54d9b6d3-4564-40f4-bd55-501f67c499c0', '35b6d8e3-ad20-4d31-8395-34ba92f2c5ac', '1d1abb1d-c17d-49bd-966e-67408a4db204', 2026, 8, 33, 76448.00, NULL, true, '2025-09-12 03:31:15.899974+00', '2025-09-12 03:31:15.899974+00');
INSERT INTO public.installment_occurrences VALUES ('b65ec753-501e-4d96-b31a-035b3e39c580', '35b6d8e3-ad20-4d31-8395-34ba92f2c5ac', '1d1abb1d-c17d-49bd-966e-67408a4db204', 2026, 9, 34, 76448.00, NULL, true, '2025-09-12 03:31:15.902185+00', '2025-09-12 03:31:15.902185+00');
INSERT INTO public.installment_occurrences VALUES ('8f070cb9-bdac-4baf-88e6-efa04396b26b', '35b6d8e3-ad20-4d31-8395-34ba92f2c5ac', '1d1abb1d-c17d-49bd-966e-67408a4db204', 2026, 10, 35, 76448.00, NULL, true, '2025-09-12 03:31:15.903963+00', '2025-09-12 03:31:15.903963+00');
INSERT INTO public.installment_occurrences VALUES ('9e91f4cc-ca4a-41fc-af91-c3dc69c2216c', '35b6d8e3-ad20-4d31-8395-34ba92f2c5ac', '1d1abb1d-c17d-49bd-966e-67408a4db204', 2026, 11, 36, 76448.00, NULL, true, '2025-09-12 03:31:15.906148+00', '2025-09-12 03:31:15.906148+00');
INSERT INTO public.installment_occurrences VALUES ('486b6283-a759-4c10-b3d5-2334bc85c3ea', '35b6d8e3-ad20-4d31-8395-34ba92f2c5ac', '7f9bd731-e151-4a16-98b9-6298438fc73a', 2025, 11, 12, 157402.00, NULL, true, '2025-09-12 03:31:56.354547+00', '2025-09-12 03:31:56.354547+00');
INSERT INTO public.installment_occurrences VALUES ('52861ddb-fd3e-47bd-aa82-702ceca18ed1', '35b6d8e3-ad20-4d31-8395-34ba92f2c5ac', 'aa4e019c-a988-43ac-b556-ab75656f7565', 2025, 11, 10, 58250.00, NULL, true, '2025-09-12 03:32:31.187671+00', '2025-09-12 03:32:31.187671+00');
INSERT INTO public.installment_occurrences VALUES ('33f98eac-d9af-4dfb-81e2-9b0d65f1a9ac', '35b6d8e3-ad20-4d31-8395-34ba92f2c5ac', 'aa4e019c-a988-43ac-b556-ab75656f7565', 2025, 12, 11, 58250.00, NULL, true, '2025-09-12 03:32:31.190124+00', '2025-09-12 03:32:31.190124+00');
INSERT INTO public.installment_occurrences VALUES ('3b533118-8928-4f8c-b883-5b949963b681', '35b6d8e3-ad20-4d31-8395-34ba92f2c5ac', 'aa4e019c-a988-43ac-b556-ab75656f7565', 2026, 1, 12, 58250.00, NULL, true, '2025-09-12 03:32:31.192542+00', '2025-09-12 03:32:31.192542+00');
INSERT INTO public.installment_occurrences VALUES ('99482568-8732-4021-8e83-35bf05a2c686', '35b6d8e3-ad20-4d31-8395-34ba92f2c5ac', '012fd8f8-2c9f-4614-9141-3f67f5ed211b', 2025, 11, 8, 18958.00, NULL, true, '2025-09-12 03:33:10.09941+00', '2025-09-12 03:33:10.09941+00');
INSERT INTO public.installment_occurrences VALUES ('f088293b-d2cc-4034-999c-93f2a49fc06e', '35b6d8e3-ad20-4d31-8395-34ba92f2c5ac', '012fd8f8-2c9f-4614-9141-3f67f5ed211b', 2025, 12, 9, 18958.00, NULL, true, '2025-09-12 03:33:10.100751+00', '2025-09-12 03:33:10.100751+00');
INSERT INTO public.installment_occurrences VALUES ('75178d7d-56e8-4563-ad86-af459bf403c9', '35b6d8e3-ad20-4d31-8395-34ba92f2c5ac', '012fd8f8-2c9f-4614-9141-3f67f5ed211b', 2026, 1, 10, 18958.00, NULL, true, '2025-09-12 03:33:10.102789+00', '2025-09-12 03:33:10.102789+00');
INSERT INTO public.installment_occurrences VALUES ('13c2ddfb-9f3c-4568-8665-3045a535a73d', '35b6d8e3-ad20-4d31-8395-34ba92f2c5ac', '012fd8f8-2c9f-4614-9141-3f67f5ed211b', 2026, 2, 11, 18958.00, NULL, true, '2025-09-12 03:33:10.104594+00', '2025-09-12 03:33:10.104594+00');
INSERT INTO public.installment_occurrences VALUES ('01ee42d1-4c7c-4759-b29d-7e9a7b8c8c40', '35b6d8e3-ad20-4d31-8395-34ba92f2c5ac', '012fd8f8-2c9f-4614-9141-3f67f5ed211b', 2026, 3, 12, 18958.00, NULL, true, '2025-09-12 03:33:10.10637+00', '2025-09-12 03:33:10.10637+00');
INSERT INTO public.installment_occurrences VALUES ('82ec37a7-2325-4cb5-a2d2-2dae44cce3e9', '35b6d8e3-ad20-4d31-8395-34ba92f2c5ac', '012fd8f8-2c9f-4614-9141-3f67f5ed211b', 2026, 4, 13, 18958.00, NULL, true, '2025-09-12 03:33:10.107761+00', '2025-09-12 03:33:10.107761+00');
INSERT INTO public.installment_occurrences VALUES ('e1cc0188-a2c5-4746-88ce-1251ad7c0390', '35b6d8e3-ad20-4d31-8395-34ba92f2c5ac', '012fd8f8-2c9f-4614-9141-3f67f5ed211b', 2026, 5, 14, 18958.00, NULL, true, '2025-09-12 03:33:10.109611+00', '2025-09-12 03:33:10.109611+00');
INSERT INTO public.installment_occurrences VALUES ('18b3e9fc-6b17-4908-b21a-186d4a0bb597', '35b6d8e3-ad20-4d31-8395-34ba92f2c5ac', '012fd8f8-2c9f-4614-9141-3f67f5ed211b', 2026, 6, 15, 18958.00, NULL, true, '2025-09-12 03:33:10.112512+00', '2025-09-12 03:33:10.112512+00');
INSERT INTO public.installment_occurrences VALUES ('5c6f56fc-d91c-48e2-84ba-6defc7e9f47f', '35b6d8e3-ad20-4d31-8395-34ba92f2c5ac', '012fd8f8-2c9f-4614-9141-3f67f5ed211b', 2026, 7, 16, 18958.00, NULL, true, '2025-09-12 03:33:10.115845+00', '2025-09-12 03:33:10.115845+00');
INSERT INTO public.installment_occurrences VALUES ('0c55faaa-e3d7-40c6-a7d2-d5e0f4bd48d4', '35b6d8e3-ad20-4d31-8395-34ba92f2c5ac', '012fd8f8-2c9f-4614-9141-3f67f5ed211b', 2026, 8, 17, 18958.00, NULL, true, '2025-09-12 03:33:10.117481+00', '2025-09-12 03:33:10.117481+00');
INSERT INTO public.installment_occurrences VALUES ('1ad3a4eb-1e0f-49f3-abd4-243247c6af71', '35b6d8e3-ad20-4d31-8395-34ba92f2c5ac', '012fd8f8-2c9f-4614-9141-3f67f5ed211b', 2026, 9, 18, 18958.00, NULL, true, '2025-09-12 03:33:10.120565+00', '2025-09-12 03:33:10.120565+00');
INSERT INTO public.installment_occurrences VALUES ('b21ddf42-d978-43d0-801e-3da7b5569347', '35b6d8e3-ad20-4d31-8395-34ba92f2c5ac', '012fd8f8-2c9f-4614-9141-3f67f5ed211b', 2026, 10, 19, 18958.00, NULL, true, '2025-09-12 03:33:10.123699+00', '2025-09-12 03:33:10.123699+00');
INSERT INTO public.installment_occurrences VALUES ('f6206db2-2d2e-4ed0-9fa7-9b9fb54dc659', '35b6d8e3-ad20-4d31-8395-34ba92f2c5ac', '012fd8f8-2c9f-4614-9141-3f67f5ed211b', 2026, 11, 20, 18958.00, NULL, true, '2025-09-12 03:33:10.124961+00', '2025-09-12 03:33:10.124961+00');
INSERT INTO public.installment_occurrences VALUES ('d5be2bd0-3e1e-4e59-823c-a57e86f9d37b', '35b6d8e3-ad20-4d31-8395-34ba92f2c5ac', '012fd8f8-2c9f-4614-9141-3f67f5ed211b', 2026, 12, 21, 18958.00, NULL, true, '2025-09-12 03:33:10.127224+00', '2025-09-12 03:33:10.127224+00');
INSERT INTO public.installment_occurrences VALUES ('aaaa23fb-0dcc-419b-a6ef-c4811f02d2e4', '35b6d8e3-ad20-4d31-8395-34ba92f2c5ac', '012fd8f8-2c9f-4614-9141-3f67f5ed211b', 2027, 1, 22, 18958.00, NULL, true, '2025-09-12 03:33:10.130186+00', '2025-09-12 03:33:10.130186+00');
INSERT INTO public.installment_occurrences VALUES ('9f565a4b-5beb-4dbf-b2be-f390b0ddb340', '35b6d8e3-ad20-4d31-8395-34ba92f2c5ac', '012fd8f8-2c9f-4614-9141-3f67f5ed211b', 2027, 2, 23, 18958.00, NULL, true, '2025-09-12 03:33:10.132741+00', '2025-09-12 03:33:10.132741+00');
INSERT INTO public.installment_occurrences VALUES ('8250c710-f13f-4ade-ae78-13c776d26ca6', '35b6d8e3-ad20-4d31-8395-34ba92f2c5ac', '012fd8f8-2c9f-4614-9141-3f67f5ed211b', 2027, 3, 24, 18958.00, NULL, true, '2025-09-12 03:33:10.134348+00', '2025-09-12 03:33:10.134348+00');
INSERT INTO public.installment_occurrences VALUES ('0ef7ffe2-6e5e-4767-9d69-25c893e5e461', '35b6d8e3-ad20-4d31-8395-34ba92f2c5ac', '1bb15c63-f997-4a18-8050-f7cf712ffbad', 2025, 11, 7, 16667.00, NULL, true, '2025-09-12 03:33:42.230286+00', '2025-09-12 03:33:42.230286+00');
INSERT INTO public.installment_occurrences VALUES ('85c8a502-7020-494e-821d-77349342d1b1', '35b6d8e3-ad20-4d31-8395-34ba92f2c5ac', '1bb15c63-f997-4a18-8050-f7cf712ffbad', 2025, 12, 8, 16667.00, NULL, true, '2025-09-12 03:33:42.232368+00', '2025-09-12 03:33:42.232368+00');
INSERT INTO public.installment_occurrences VALUES ('cf4c3927-5e4d-4814-991f-dd34706cc769', '35b6d8e3-ad20-4d31-8395-34ba92f2c5ac', '1bb15c63-f997-4a18-8050-f7cf712ffbad', 2026, 1, 9, 16667.00, NULL, true, '2025-09-12 03:33:42.234401+00', '2025-09-12 03:33:42.234401+00');
INSERT INTO public.installment_occurrences VALUES ('43285066-e4d3-45a0-ae0c-a0cbd1dbaed8', '35b6d8e3-ad20-4d31-8395-34ba92f2c5ac', '1bb15c63-f997-4a18-8050-f7cf712ffbad', 2026, 2, 10, 16667.00, NULL, true, '2025-09-12 03:33:42.23649+00', '2025-09-12 03:33:42.23649+00');
INSERT INTO public.installment_occurrences VALUES ('663a23f9-235b-4273-9cfa-8ec81338b83d', '35b6d8e3-ad20-4d31-8395-34ba92f2c5ac', '1bb15c63-f997-4a18-8050-f7cf712ffbad', 2026, 3, 11, 16667.00, NULL, true, '2025-09-12 03:33:42.238476+00', '2025-09-12 03:33:42.238476+00');
INSERT INTO public.installment_occurrences VALUES ('4db037e3-453f-4383-be4e-d387c12521a3', '35b6d8e3-ad20-4d31-8395-34ba92f2c5ac', '1bb15c63-f997-4a18-8050-f7cf712ffbad', 2026, 4, 12, 16667.00, NULL, true, '2025-09-12 03:33:42.239824+00', '2025-09-12 03:33:42.239824+00');
INSERT INTO public.installment_occurrences VALUES ('467774bf-e993-41b4-827b-26ecd106e718', '35b6d8e3-ad20-4d31-8395-34ba92f2c5ac', 'f19d18eb-590b-4b9f-9760-352589cd0478', 2025, 11, 3, 107982.00, NULL, true, '2025-09-12 03:34:04.22595+00', '2025-09-12 03:34:04.22595+00');
INSERT INTO public.installment_occurrences VALUES ('8fd654b3-83a4-4a85-bfb4-111e8795cd5d', '35b6d8e3-ad20-4d31-8395-34ba92f2c5ac', 'f19d18eb-590b-4b9f-9760-352589cd0478', 2025, 12, 4, 107982.00, NULL, true, '2025-09-12 03:34:04.228361+00', '2025-09-12 03:34:04.228361+00');
INSERT INTO public.installment_occurrences VALUES ('f8bba9c5-e391-429f-aed9-111275e05578', '35b6d8e3-ad20-4d31-8395-34ba92f2c5ac', 'f19d18eb-590b-4b9f-9760-352589cd0478', 2026, 1, 5, 107982.00, NULL, true, '2025-09-12 03:34:04.230197+00', '2025-09-12 03:34:04.230197+00');
INSERT INTO public.installment_occurrences VALUES ('59f2c36f-5bf5-44f4-bdc8-3430531fd75a', '35b6d8e3-ad20-4d31-8395-34ba92f2c5ac', 'f19d18eb-590b-4b9f-9760-352589cd0478', 2026, 2, 6, 107982.00, NULL, true, '2025-09-12 03:34:04.232277+00', '2025-09-12 03:34:04.232277+00');
INSERT INTO public.installment_occurrences VALUES ('40ed4f52-7b7a-4fc7-834f-b469d1fe884a', '35b6d8e3-ad20-4d31-8395-34ba92f2c5ac', 'f19d18eb-590b-4b9f-9760-352589cd0478', 2026, 3, 7, 107982.00, NULL, true, '2025-09-12 03:34:04.233372+00', '2025-09-12 03:34:04.233372+00');
INSERT INTO public.installment_occurrences VALUES ('e30bf5eb-3cf8-457a-abc3-c2584c36317b', '35b6d8e3-ad20-4d31-8395-34ba92f2c5ac', 'f19d18eb-590b-4b9f-9760-352589cd0478', 2026, 4, 8, 107982.00, NULL, true, '2025-09-12 03:34:04.234688+00', '2025-09-12 03:34:04.234688+00');
INSERT INTO public.installment_occurrences VALUES ('46819f8e-c706-4cdb-80b4-764a02799382', '35b6d8e3-ad20-4d31-8395-34ba92f2c5ac', 'f19d18eb-590b-4b9f-9760-352589cd0478', 2026, 5, 9, 107982.00, NULL, true, '2025-09-12 03:34:04.236705+00', '2025-09-12 03:34:04.236705+00');
INSERT INTO public.installment_occurrences VALUES ('d91dc3c0-8060-4c66-8a72-e646910dcbfa', '35b6d8e3-ad20-4d31-8395-34ba92f2c5ac', 'f19d18eb-590b-4b9f-9760-352589cd0478', 2026, 6, 10, 107982.00, NULL, true, '2025-09-12 03:34:04.238418+00', '2025-09-12 03:34:04.238418+00');
INSERT INTO public.installment_occurrences VALUES ('b6053787-4859-4911-a785-f7c1180a2bad', '35b6d8e3-ad20-4d31-8395-34ba92f2c5ac', 'f19d18eb-590b-4b9f-9760-352589cd0478', 2026, 7, 11, 107982.00, NULL, true, '2025-09-12 03:34:04.240161+00', '2025-09-12 03:34:04.240161+00');
INSERT INTO public.installment_occurrences VALUES ('644ab3c1-e47c-4848-bf59-9ac5ef6d51c9', '35b6d8e3-ad20-4d31-8395-34ba92f2c5ac', 'f19d18eb-590b-4b9f-9760-352589cd0478', 2026, 8, 12, 107982.00, NULL, true, '2025-09-12 03:34:04.241098+00', '2025-09-12 03:34:04.241098+00');
INSERT INTO public.installment_occurrences VALUES ('79b7bbcb-e7f1-4ef9-8810-c8d830ab003d', '35b6d8e3-ad20-4d31-8395-34ba92f2c5ac', 'f19d18eb-590b-4b9f-9760-352589cd0478', 2026, 9, 13, 107982.00, NULL, true, '2025-09-12 03:34:04.242155+00', '2025-09-12 03:34:04.242155+00');
INSERT INTO public.installment_occurrences VALUES ('01b1b1dd-4f95-4870-a808-8c4e74dc36e4', '35b6d8e3-ad20-4d31-8395-34ba92f2c5ac', 'f19d18eb-590b-4b9f-9760-352589cd0478', 2026, 10, 14, 107982.00, NULL, true, '2025-09-12 03:34:04.244047+00', '2025-09-12 03:34:04.244047+00');
INSERT INTO public.installment_occurrences VALUES ('913207a6-8f05-4fec-999e-f1d9776b9cdc', '35b6d8e3-ad20-4d31-8395-34ba92f2c5ac', 'f19d18eb-590b-4b9f-9760-352589cd0478', 2026, 11, 15, 107982.00, NULL, true, '2025-09-12 03:34:04.246143+00', '2025-09-12 03:34:04.246143+00');
INSERT INTO public.installment_occurrences VALUES ('38f2c39a-7da0-4ef5-a032-121cbd53d96a', '35b6d8e3-ad20-4d31-8395-34ba92f2c5ac', 'f19d18eb-590b-4b9f-9760-352589cd0478', 2026, 12, 16, 107982.00, NULL, true, '2025-09-12 03:34:04.248138+00', '2025-09-12 03:34:04.248138+00');
INSERT INTO public.installment_occurrences VALUES ('a6a79f12-faf5-4e14-bc4a-4b9dbcf99c09', '35b6d8e3-ad20-4d31-8395-34ba92f2c5ac', 'f19d18eb-590b-4b9f-9760-352589cd0478', 2027, 1, 17, 107982.00, NULL, true, '2025-09-12 03:34:04.249249+00', '2025-09-12 03:34:04.249249+00');
INSERT INTO public.installment_occurrences VALUES ('0e61621c-106c-4bb7-806c-bafc2c9fb261', '35b6d8e3-ad20-4d31-8395-34ba92f2c5ac', 'f19d18eb-590b-4b9f-9760-352589cd0478', 2027, 2, 18, 107982.00, NULL, true, '2025-09-12 03:34:04.250313+00', '2025-09-12 03:34:04.250313+00');
INSERT INTO public.installment_occurrences VALUES ('c9060646-13d2-435c-aaa1-caaea9e8d14b', '35b6d8e3-ad20-4d31-8395-34ba92f2c5ac', 'f19d18eb-590b-4b9f-9760-352589cd0478', 2027, 3, 19, 107982.00, NULL, true, '2025-09-12 03:34:04.251555+00', '2025-09-12 03:34:04.251555+00');
INSERT INTO public.installment_occurrences VALUES ('23ee816d-b515-4929-958c-739ffe2404c8', '35b6d8e3-ad20-4d31-8395-34ba92f2c5ac', 'f19d18eb-590b-4b9f-9760-352589cd0478', 2027, 4, 20, 107982.00, NULL, true, '2025-09-12 03:34:04.252866+00', '2025-09-12 03:34:04.252866+00');
INSERT INTO public.installment_occurrences VALUES ('40f10e22-31e1-4d18-8418-8e89be282479', '35b6d8e3-ad20-4d31-8395-34ba92f2c5ac', 'f19d18eb-590b-4b9f-9760-352589cd0478', 2027, 5, 21, 107982.00, NULL, true, '2025-09-12 03:34:04.254379+00', '2025-09-12 03:34:04.254379+00');
INSERT INTO public.installment_occurrences VALUES ('21bdfab1-573e-498a-9b2d-8a95309b01a1', '35b6d8e3-ad20-4d31-8395-34ba92f2c5ac', 'f19d18eb-590b-4b9f-9760-352589cd0478', 2025, 10, 3, 107982.00, NULL, true, '2025-09-12 03:34:04.22441+00', '2025-09-13 03:47:33.143295+00');
INSERT INTO public.installment_occurrences VALUES ('d6c346ac-eea8-43f8-9cc1-89f5b31acfed', '35b6d8e3-ad20-4d31-8395-34ba92f2c5ac', '1bb15c63-f997-4a18-8050-f7cf712ffbad', 2025, 10, 7, 16667.00, NULL, true, '2025-09-12 03:33:42.227009+00', '2025-09-13 03:47:41.674754+00');
INSERT INTO public.installment_occurrences VALUES ('922566f0-4c3e-4ae5-a4b9-9995529b55f2', '35b6d8e3-ad20-4d31-8395-34ba92f2c5ac', 'aa4e019c-a988-43ac-b556-ab75656f7565', 2025, 10, 10, 58250.00, NULL, true, '2025-09-12 03:32:31.184889+00', '2025-09-13 03:48:16.581747+00');
INSERT INTO public.installment_occurrences VALUES ('29ad40d6-9893-4f2f-b7c0-6ae4d3e05829', '35b6d8e3-ad20-4d31-8395-34ba92f2c5ac', '7f9bd731-e151-4a16-98b9-6298438fc73a', 2025, 10, 12, 157402.00, NULL, true, '2025-09-12 03:31:56.350597+00', '2025-09-13 03:48:30.731171+00');
INSERT INTO public.installment_occurrences VALUES ('bb3c1dc7-6617-424a-a7e1-7b3fd9b1db4c', '35b6d8e3-ad20-4d31-8395-34ba92f2c5ac', '012fd8f8-2c9f-4614-9141-3f67f5ed211b', 2025, 10, 8, 18958.00, NULL, true, '2025-09-12 03:33:10.096652+00', '2025-09-13 03:48:46.408458+00');
INSERT INTO public.installment_occurrences VALUES ('b6253599-6107-4342-9449-293e826395db', '35b6d8e3-ad20-4d31-8395-34ba92f2c5ac', 'f19d18eb-590b-4b9f-9760-352589cd0478', 2027, 6, 22, 107982.00, NULL, true, '2025-09-12 03:34:04.255984+00', '2025-09-12 03:34:04.255984+00');
INSERT INTO public.installment_occurrences VALUES ('655df23f-1fa7-4bbc-a1d8-9ee5ccfdb0b6', '35b6d8e3-ad20-4d31-8395-34ba92f2c5ac', 'f19d18eb-590b-4b9f-9760-352589cd0478', 2027, 7, 23, 107982.00, NULL, true, '2025-09-12 03:34:04.258786+00', '2025-09-12 03:34:04.258786+00');
INSERT INTO public.installment_occurrences VALUES ('e8dfb3ba-e506-43e2-9ec0-950981896560', '35b6d8e3-ad20-4d31-8395-34ba92f2c5ac', 'f19d18eb-590b-4b9f-9760-352589cd0478', 2027, 8, 24, 107982.00, NULL, true, '2025-09-12 03:34:04.260129+00', '2025-09-12 03:34:04.260129+00');
INSERT INTO public.installment_occurrences VALUES ('18e9bce6-c4e0-4717-9b6f-27ceeb669d38', '35b6d8e3-ad20-4d31-8395-34ba92f2c5ac', 'f19d18eb-590b-4b9f-9760-352589cd0478', 2027, 9, 25, 107982.00, NULL, true, '2025-09-12 03:34:04.262087+00', '2025-09-12 03:34:04.262087+00');
INSERT INTO public.installment_occurrences VALUES ('8bd2e861-a18c-474d-b6be-70fee4e10c18', '35b6d8e3-ad20-4d31-8395-34ba92f2c5ac', 'f19d18eb-590b-4b9f-9760-352589cd0478', 2027, 10, 26, 107982.00, NULL, true, '2025-09-12 03:34:04.264195+00', '2025-09-12 03:34:04.264195+00');
INSERT INTO public.installment_occurrences VALUES ('db8c262c-b62b-407d-a295-15d6998b6a92', '35b6d8e3-ad20-4d31-8395-34ba92f2c5ac', 'f19d18eb-590b-4b9f-9760-352589cd0478', 2027, 11, 27, 107982.00, NULL, true, '2025-09-12 03:34:04.26575+00', '2025-09-12 03:34:04.26575+00');
INSERT INTO public.installment_occurrences VALUES ('2c0e44c1-6c1f-46c5-9c82-efa1b352ee94', '35b6d8e3-ad20-4d31-8395-34ba92f2c5ac', 'f19d18eb-590b-4b9f-9760-352589cd0478', 2027, 12, 28, 107982.00, NULL, true, '2025-09-12 03:34:04.266946+00', '2025-09-12 03:34:04.266946+00');
INSERT INTO public.installment_occurrences VALUES ('91d07e19-62ad-47e7-8b60-b226bf300dd5', '35b6d8e3-ad20-4d31-8395-34ba92f2c5ac', 'f19d18eb-590b-4b9f-9760-352589cd0478', 2028, 1, 29, 107982.00, NULL, true, '2025-09-12 03:34:04.26801+00', '2025-09-12 03:34:04.26801+00');
INSERT INTO public.installment_occurrences VALUES ('f0a5e50d-5fde-47c3-a27a-8258da1ac5ed', '35b6d8e3-ad20-4d31-8395-34ba92f2c5ac', 'f19d18eb-590b-4b9f-9760-352589cd0478', 2028, 2, 30, 107982.00, NULL, true, '2025-09-12 03:34:04.269522+00', '2025-09-12 03:34:04.269522+00');
INSERT INTO public.installment_occurrences VALUES ('b53f9cd2-145a-4d94-a15e-20304edcc27c', '35b6d8e3-ad20-4d31-8395-34ba92f2c5ac', 'f19d18eb-590b-4b9f-9760-352589cd0478', 2028, 3, 31, 107982.00, NULL, true, '2025-09-12 03:34:04.2711+00', '2025-09-12 03:34:04.2711+00');
INSERT INTO public.installment_occurrences VALUES ('21d087dd-24d8-4c58-a480-f2c229f48b83', '35b6d8e3-ad20-4d31-8395-34ba92f2c5ac', 'f19d18eb-590b-4b9f-9760-352589cd0478', 2028, 4, 32, 107982.00, NULL, true, '2025-09-12 03:34:04.272896+00', '2025-09-12 03:34:04.272896+00');
INSERT INTO public.installment_occurrences VALUES ('2958e522-ac17-482b-ad39-a4562f50cc0c', '35b6d8e3-ad20-4d31-8395-34ba92f2c5ac', 'f19d18eb-590b-4b9f-9760-352589cd0478', 2028, 5, 33, 107982.00, NULL, true, '2025-09-12 03:34:04.274265+00', '2025-09-12 03:34:04.274265+00');
INSERT INTO public.installment_occurrences VALUES ('1e11ffd7-0db1-4b5c-8643-294a4130f1f8', '35b6d8e3-ad20-4d31-8395-34ba92f2c5ac', 'f19d18eb-590b-4b9f-9760-352589cd0478', 2028, 6, 34, 107982.00, NULL, true, '2025-09-12 03:34:04.275612+00', '2025-09-12 03:34:04.275612+00');
INSERT INTO public.installment_occurrences VALUES ('66436cea-1ff5-40cb-a776-06a1dca4ad84', '35b6d8e3-ad20-4d31-8395-34ba92f2c5ac', 'f19d18eb-590b-4b9f-9760-352589cd0478', 2028, 7, 35, 107982.00, NULL, true, '2025-09-12 03:34:04.277518+00', '2025-09-12 03:34:04.277518+00');
INSERT INTO public.installment_occurrences VALUES ('dd66eae5-422e-49a4-827b-02207c896edf', '35b6d8e3-ad20-4d31-8395-34ba92f2c5ac', 'f19d18eb-590b-4b9f-9760-352589cd0478', 2028, 8, 36, 107982.00, NULL, true, '2025-09-12 03:34:04.279009+00', '2025-09-12 03:34:04.279009+00');
INSERT INTO public.installment_occurrences VALUES ('e8337566-9ee5-4b2f-8a07-713ea40dfbc6', '35b6d8e3-ad20-4d31-8395-34ba92f2c5ac', 'e022a761-af61-469f-bd00-8cab7908393b', 2025, 11, 3, 21334.00, NULL, true, '2025-09-12 03:34:44.255405+00', '2025-09-12 03:34:44.255405+00');
INSERT INTO public.installment_occurrences VALUES ('fb893d41-72a2-4316-935a-a6f5fe92e7ae', '35b6d8e3-ad20-4d31-8395-34ba92f2c5ac', 'e022a761-af61-469f-bd00-8cab7908393b', 2025, 12, 4, 21334.00, NULL, true, '2025-09-12 03:34:44.257209+00', '2025-09-12 03:34:44.257209+00');
INSERT INTO public.installment_occurrences VALUES ('6296277b-7c08-48eb-b2ee-fd38b6599941', '35b6d8e3-ad20-4d31-8395-34ba92f2c5ac', 'e022a761-af61-469f-bd00-8cab7908393b', 2026, 1, 5, 21334.00, NULL, true, '2025-09-12 03:34:44.258842+00', '2025-09-12 03:34:44.258842+00');
INSERT INTO public.installment_occurrences VALUES ('4b81adb2-095d-442f-bc0d-b98dc0e7214c', '35b6d8e3-ad20-4d31-8395-34ba92f2c5ac', 'e022a761-af61-469f-bd00-8cab7908393b', 2026, 2, 6, 21334.00, NULL, true, '2025-09-12 03:34:44.260762+00', '2025-09-12 03:34:44.260762+00');
INSERT INTO public.installment_occurrences VALUES ('9005f4c7-50f9-4bdd-b637-8db0717c46b7', '35b6d8e3-ad20-4d31-8395-34ba92f2c5ac', 'e022a761-af61-469f-bd00-8cab7908393b', 2025, 10, 3, 21334.00, NULL, true, '2025-09-12 03:34:44.253688+00', '2025-09-13 03:48:38.372899+00');
INSERT INTO public.installment_occurrences VALUES ('5b4cde87-b5d7-46bf-83bc-a0495c034511', '35b6d8e3-ad20-4d31-8395-34ba92f2c5ac', 'f252d21a-3704-4eed-af67-50ee7d3c191c', 2025, 11, 2, 216102.00, NULL, true, '2025-09-12 03:43:14.745912+00', '2025-09-12 03:43:14.745912+00');
INSERT INTO public.installment_occurrences VALUES ('0012ab6c-16fe-4b58-b4ee-3dd7bff3758e', '35b6d8e3-ad20-4d31-8395-34ba92f2c5ac', 'f252d21a-3704-4eed-af67-50ee7d3c191c', 2025, 12, 3, 216102.00, NULL, true, '2025-09-12 03:43:14.748038+00', '2025-09-12 03:43:14.748038+00');
INSERT INTO public.installment_occurrences VALUES ('9f8c8c5d-71d4-4e62-8705-9e24f0af25bb', '35b6d8e3-ad20-4d31-8395-34ba92f2c5ac', 'f252d21a-3704-4eed-af67-50ee7d3c191c', 2026, 1, 4, 216102.00, NULL, true, '2025-09-12 03:43:14.749978+00', '2025-09-12 03:43:14.749978+00');
INSERT INTO public.installment_occurrences VALUES ('790bae69-26e2-4fe8-8013-b92213625fad', '35b6d8e3-ad20-4d31-8395-34ba92f2c5ac', 'f252d21a-3704-4eed-af67-50ee7d3c191c', 2026, 2, 5, 216102.00, NULL, true, '2025-09-12 03:43:14.751329+00', '2025-09-12 03:43:14.751329+00');
INSERT INTO public.installment_occurrences VALUES ('3f684d0a-c0d7-4d7e-8bb4-4caf0aab8f52', '35b6d8e3-ad20-4d31-8395-34ba92f2c5ac', 'f252d21a-3704-4eed-af67-50ee7d3c191c', 2026, 3, 6, 216102.00, NULL, true, '2025-09-12 03:43:14.752716+00', '2025-09-12 03:43:14.752716+00');
INSERT INTO public.installment_occurrences VALUES ('b9711627-cd2b-470f-82b6-58952106cf4c', '35b6d8e3-ad20-4d31-8395-34ba92f2c5ac', 'f252d21a-3704-4eed-af67-50ee7d3c191c', 2026, 4, 7, 216102.00, NULL, true, '2025-09-12 03:43:14.754358+00', '2025-09-12 03:43:14.754358+00');
INSERT INTO public.installment_occurrences VALUES ('a64d548e-95e6-49f4-84a6-62a1cfbcc617', '35b6d8e3-ad20-4d31-8395-34ba92f2c5ac', 'f252d21a-3704-4eed-af67-50ee7d3c191c', 2026, 5, 8, 216102.00, NULL, true, '2025-09-12 03:43:14.755787+00', '2025-09-12 03:43:14.755787+00');
INSERT INTO public.installment_occurrences VALUES ('86dc0ec8-3c6a-448c-9cae-c91b672068ef', '35b6d8e3-ad20-4d31-8395-34ba92f2c5ac', 'f252d21a-3704-4eed-af67-50ee7d3c191c', 2026, 6, 9, 216102.00, NULL, true, '2025-09-12 03:43:14.757703+00', '2025-09-12 03:43:14.757703+00');
INSERT INTO public.installment_occurrences VALUES ('d4ac7b25-109d-4955-bf44-c8c0ee6f03b2', '35b6d8e3-ad20-4d31-8395-34ba92f2c5ac', 'f252d21a-3704-4eed-af67-50ee7d3c191c', 2026, 7, 10, 216102.00, NULL, true, '2025-09-12 03:43:14.759413+00', '2025-09-12 03:43:14.759413+00');
INSERT INTO public.installment_occurrences VALUES ('1bd43958-b038-465b-b68f-5490db9ab119', '35b6d8e3-ad20-4d31-8395-34ba92f2c5ac', 'f252d21a-3704-4eed-af67-50ee7d3c191c', 2026, 8, 11, 216102.00, NULL, true, '2025-09-12 03:43:14.760789+00', '2025-09-12 03:43:14.760789+00');
INSERT INTO public.installment_occurrences VALUES ('832db10f-e063-48e2-86c5-0ff8abed94d2', '35b6d8e3-ad20-4d31-8395-34ba92f2c5ac', 'f252d21a-3704-4eed-af67-50ee7d3c191c', 2026, 9, 12, 216102.00, NULL, true, '2025-09-12 03:43:14.762174+00', '2025-09-12 03:43:14.762174+00');
INSERT INTO public.installment_occurrences VALUES ('44a4b5c3-ca57-4b67-aeac-0eba76110a22', '35b6d8e3-ad20-4d31-8395-34ba92f2c5ac', 'f252d21a-3704-4eed-af67-50ee7d3c191c', 2026, 10, 13, 216102.00, NULL, true, '2025-09-12 03:43:14.763917+00', '2025-09-12 03:43:14.763917+00');
INSERT INTO public.installment_occurrences VALUES ('3a22397f-bcc3-4318-887b-728e093e970c', '35b6d8e3-ad20-4d31-8395-34ba92f2c5ac', 'f252d21a-3704-4eed-af67-50ee7d3c191c', 2026, 11, 14, 216102.00, NULL, true, '2025-09-12 03:43:14.765776+00', '2025-09-12 03:43:14.765776+00');
INSERT INTO public.installment_occurrences VALUES ('9a27eb0c-06c5-4b3b-93ba-88e6a74f6fa8', '35b6d8e3-ad20-4d31-8395-34ba92f2c5ac', 'f252d21a-3704-4eed-af67-50ee7d3c191c', 2026, 12, 15, 216102.00, NULL, true, '2025-09-12 03:43:14.767332+00', '2025-09-12 03:43:14.767332+00');
INSERT INTO public.installment_occurrences VALUES ('92380849-c00b-4c7e-90a2-f08b882fa54d', '35b6d8e3-ad20-4d31-8395-34ba92f2c5ac', 'f252d21a-3704-4eed-af67-50ee7d3c191c', 2027, 1, 16, 216102.00, NULL, true, '2025-09-12 03:43:14.768626+00', '2025-09-12 03:43:14.768626+00');
INSERT INTO public.installment_occurrences VALUES ('e1ff4792-cd4d-4f61-a223-bf867418beb9', '35b6d8e3-ad20-4d31-8395-34ba92f2c5ac', 'f252d21a-3704-4eed-af67-50ee7d3c191c', 2027, 2, 17, 216102.00, NULL, true, '2025-09-12 03:43:14.769974+00', '2025-09-12 03:43:14.769974+00');
INSERT INTO public.installment_occurrences VALUES ('ba0a782c-6f86-4909-a72f-71c6d23ecf38', '35b6d8e3-ad20-4d31-8395-34ba92f2c5ac', 'f252d21a-3704-4eed-af67-50ee7d3c191c', 2027, 3, 18, 216102.00, NULL, true, '2025-09-12 03:43:14.771704+00', '2025-09-12 03:43:14.771704+00');
INSERT INTO public.installment_occurrences VALUES ('2c73d2e6-b66e-4b71-8187-7951e8efdf5b', '35b6d8e3-ad20-4d31-8395-34ba92f2c5ac', 'f252d21a-3704-4eed-af67-50ee7d3c191c', 2027, 4, 19, 216102.00, NULL, true, '2025-09-12 03:43:14.773341+00', '2025-09-12 03:43:14.773341+00');
INSERT INTO public.installment_occurrences VALUES ('b85aa218-3185-4130-9e37-5ce28f9f1eaa', '35b6d8e3-ad20-4d31-8395-34ba92f2c5ac', 'f252d21a-3704-4eed-af67-50ee7d3c191c', 2027, 5, 20, 216102.00, NULL, true, '2025-09-12 03:43:14.775021+00', '2025-09-12 03:43:14.775021+00');
INSERT INTO public.installment_occurrences VALUES ('3dac2767-5a80-4404-90d9-1d34797037e5', '35b6d8e3-ad20-4d31-8395-34ba92f2c5ac', 'f252d21a-3704-4eed-af67-50ee7d3c191c', 2027, 6, 21, 216102.00, NULL, true, '2025-09-12 03:43:14.776095+00', '2025-09-12 03:43:14.776095+00');
INSERT INTO public.installment_occurrences VALUES ('45cf7544-5730-4850-855d-4de7265d2e53', '35b6d8e3-ad20-4d31-8395-34ba92f2c5ac', 'f252d21a-3704-4eed-af67-50ee7d3c191c', 2027, 7, 22, 216102.00, NULL, true, '2025-09-12 03:43:14.777247+00', '2025-09-12 03:43:14.777247+00');
INSERT INTO public.installment_occurrences VALUES ('d7e26ce2-b5fc-41d9-9863-f48b2f402f55', '35b6d8e3-ad20-4d31-8395-34ba92f2c5ac', 'f252d21a-3704-4eed-af67-50ee7d3c191c', 2027, 8, 23, 216102.00, NULL, true, '2025-09-12 03:43:14.778773+00', '2025-09-12 03:43:14.778773+00');
INSERT INTO public.installment_occurrences VALUES ('065d4b9e-5ce8-45ae-bb2b-3d753c37639c', '35b6d8e3-ad20-4d31-8395-34ba92f2c5ac', 'f252d21a-3704-4eed-af67-50ee7d3c191c', 2027, 9, 24, 216102.00, NULL, true, '2025-09-12 03:43:14.780233+00', '2025-09-12 03:43:14.780233+00');
INSERT INTO public.installment_occurrences VALUES ('b4174d19-30dc-47f8-bfb0-ff26988ef78d', '35b6d8e3-ad20-4d31-8395-34ba92f2c5ac', '1d1abb1d-c17d-49bd-966e-67408a4db204', 2025, 10, 24, 76448.00, NULL, true, '2025-09-12 03:31:15.874417+00', '2025-09-13 03:47:06.164786+00');
INSERT INTO public.installment_occurrences VALUES ('ac727837-e28e-469c-9729-0dcefa6ae14b', '35b6d8e3-ad20-4d31-8395-34ba92f2c5ac', 'f252d21a-3704-4eed-af67-50ee7d3c191c', 2025, 10, 2, 216102.00, NULL, true, '2025-09-12 03:43:14.741862+00', '2025-09-13 03:47:27.419145+00');
INSERT INTO public.installment_occurrences VALUES ('0e57b141-d7e7-4a48-8106-4584cbc4ebc9', '35b6d8e3-ad20-4d31-8395-34ba92f2c5ac', '89427d30-ca38-4e40-b2ba-aeed86095e62', 2025, 10, 4, 32000.00, NULL, true, '2025-09-12 03:34:22.341379+00', '2025-09-13 03:48:21.94385+00');
INSERT INTO public.installment_occurrences VALUES ('4635c425-7721-45a4-b32b-9af41a361e0e', '35b6d8e3-ad20-4d31-8395-34ba92f2c5ac', 'b1508da6-63e1-400c-bd99-0270eead66a7', 2025, 10, 2, 20993.00, NULL, true, '2025-09-13 03:51:16.327806+00', '2025-09-13 03:51:16.327806+00');
INSERT INTO public.installment_occurrences VALUES ('e15d8109-8313-4a2d-8e8e-89208bfbfa2a', '35b6d8e3-ad20-4d31-8395-34ba92f2c5ac', 'b1508da6-63e1-400c-bd99-0270eead66a7', 2025, 11, 3, 20993.00, NULL, true, '2025-09-13 03:51:16.331277+00', '2025-09-13 03:51:16.331277+00');
INSERT INTO public.installment_occurrences VALUES ('762faa4c-d333-430d-bf77-8eeee3e70822', '35b6d8e3-ad20-4d31-8395-34ba92f2c5ac', 'c49e7d9f-2ea7-45f2-8458-b8e41e397f5a', 2025, 10, 2, 90658.00, NULL, true, '2025-09-13 03:51:50.753265+00', '2025-09-13 03:51:50.753265+00');
INSERT INTO public.installment_occurrences VALUES ('28e6f436-6501-4342-ad4f-31de057eed22', '35b6d8e3-ad20-4d31-8395-34ba92f2c5ac', 'c49e7d9f-2ea7-45f2-8458-b8e41e397f5a', 2025, 11, 3, 90658.00, NULL, true, '2025-09-13 03:51:50.756857+00', '2025-09-13 03:51:50.756857+00');
INSERT INTO public.installment_occurrences VALUES ('9f6c7367-0d14-4c80-9203-c959561954e4', '35b6d8e3-ad20-4d31-8395-34ba92f2c5ac', 'c49e7d9f-2ea7-45f2-8458-b8e41e397f5a', 2025, 12, 4, 90658.00, NULL, true, '2025-09-13 03:51:50.76003+00', '2025-09-13 03:51:50.76003+00');
INSERT INTO public.installment_occurrences VALUES ('baa89cbd-488d-4b9b-b4ea-7fa537b147c1', '35b6d8e3-ad20-4d31-8395-34ba92f2c5ac', 'c49e7d9f-2ea7-45f2-8458-b8e41e397f5a', 2026, 1, 5, 90658.00, NULL, true, '2025-09-13 03:51:50.762019+00', '2025-09-13 03:51:50.762019+00');
INSERT INTO public.installment_occurrences VALUES ('74633a91-1cc2-4c85-8705-9557eded23b1', '35b6d8e3-ad20-4d31-8395-34ba92f2c5ac', 'c49e7d9f-2ea7-45f2-8458-b8e41e397f5a', 2026, 2, 6, 90658.00, NULL, true, '2025-09-13 03:51:50.764135+00', '2025-09-13 03:51:50.764135+00');
INSERT INTO public.installment_occurrences VALUES ('dd5579f4-4674-4c7b-9d8d-c762c1d13ec0', '35b6d8e3-ad20-4d31-8395-34ba92f2c5ac', '490973c1-274d-4c70-ba2a-0e58357e6468', 2025, 10, 2, 39990.00, NULL, true, '2025-09-13 03:52:17.479861+00', '2025-09-13 03:52:17.479861+00');
INSERT INTO public.installment_occurrences VALUES ('7bb0d8a1-804f-4ece-aa32-30fdab423119', '35b6d8e3-ad20-4d31-8395-34ba92f2c5ac', '490973c1-274d-4c70-ba2a-0e58357e6468', 2025, 11, 3, 39990.00, NULL, true, '2025-09-13 03:52:17.481661+00', '2025-09-13 03:52:17.481661+00');
INSERT INTO public.installment_occurrences VALUES ('961e749e-a153-441b-a977-1ee2cded86ba', '35b6d8e3-ad20-4d31-8395-34ba92f2c5ac', 'b3406da0-d348-47f0-abf0-afeb0d2660b7', 2025, 10, 2, 23330.00, NULL, true, '2025-09-13 03:52:56.987754+00', '2025-09-13 03:52:56.987754+00');
INSERT INTO public.installment_occurrences VALUES ('13e9134d-1425-46be-a579-798934a912a4', '35b6d8e3-ad20-4d31-8395-34ba92f2c5ac', 'b3406da0-d348-47f0-abf0-afeb0d2660b7', 2025, 11, 3, 23330.00, NULL, true, '2025-09-13 03:52:56.993699+00', '2025-09-13 03:52:56.993699+00');
INSERT INTO public.installment_occurrences VALUES ('3993061d-c418-47f9-b00d-900e7e7e0421', '35b6d8e3-ad20-4d31-8395-34ba92f2c5ac', 'b3406da0-d348-47f0-abf0-afeb0d2660b7', 2025, 12, 4, 23330.00, NULL, true, '2025-09-13 03:52:56.99545+00', '2025-09-13 03:52:56.99545+00');
INSERT INTO public.installment_occurrences VALUES ('5189033e-12be-4fd4-9950-6b8232f4db91', '35b6d8e3-ad20-4d31-8395-34ba92f2c5ac', 'b3406da0-d348-47f0-abf0-afeb0d2660b7', 2026, 1, 5, 23330.00, NULL, true, '2025-09-13 03:52:56.997521+00', '2025-09-13 03:52:56.997521+00');
INSERT INTO public.installment_occurrences VALUES ('a72cf9dd-9e28-4992-b3a4-2abf881be9f9', '35b6d8e3-ad20-4d31-8395-34ba92f2c5ac', 'b3406da0-d348-47f0-abf0-afeb0d2660b7', 2026, 2, 6, 23330.00, NULL, true, '2025-09-13 03:52:56.999937+00', '2025-09-13 03:52:56.999937+00');
INSERT INTO public.installment_occurrences VALUES ('42c9fcd7-072c-45df-b2ff-6c80f507d9eb', '35b6d8e3-ad20-4d31-8395-34ba92f2c5ac', 'b3406da0-d348-47f0-abf0-afeb0d2660b7', 2026, 3, 7, 23330.00, NULL, true, '2025-09-13 03:52:57.002509+00', '2025-09-13 03:52:57.002509+00');
INSERT INTO public.installment_occurrences VALUES ('892c40db-0cf7-4186-8309-d24235fec9de', '35b6d8e3-ad20-4d31-8395-34ba92f2c5ac', 'b3406da0-d348-47f0-abf0-afeb0d2660b7', 2026, 4, 8, 23330.00, NULL, true, '2025-09-13 03:52:57.004088+00', '2025-09-13 03:52:57.004088+00');
INSERT INTO public.installment_occurrences VALUES ('007d3f99-8b72-487e-8076-a86c8a354f9e', '35b6d8e3-ad20-4d31-8395-34ba92f2c5ac', 'b3406da0-d348-47f0-abf0-afeb0d2660b7', 2026, 5, 9, 23330.00, NULL, true, '2025-09-13 03:52:57.005509+00', '2025-09-13 03:52:57.005509+00');
INSERT INTO public.installment_occurrences VALUES ('0e3e6b48-a90c-40cd-966d-f41745be33f6', '35b6d8e3-ad20-4d31-8395-34ba92f2c5ac', 'b3406da0-d348-47f0-abf0-afeb0d2660b7', 2026, 6, 10, 23330.00, NULL, true, '2025-09-13 03:52:57.006958+00', '2025-09-13 03:52:57.006958+00');
INSERT INTO public.installment_occurrences VALUES ('b2808709-fa8b-4c4c-bee2-9e6b7b2267f5', '35b6d8e3-ad20-4d31-8395-34ba92f2c5ac', 'b3406da0-d348-47f0-abf0-afeb0d2660b7', 2026, 7, 11, 23330.00, NULL, true, '2025-09-13 03:52:57.00888+00', '2025-09-13 03:52:57.00888+00');
INSERT INTO public.installment_occurrences VALUES ('634bc623-8178-42cd-8bf5-78782cfc74d4', '35b6d8e3-ad20-4d31-8395-34ba92f2c5ac', 'b3406da0-d348-47f0-abf0-afeb0d2660b7', 2026, 8, 12, 23330.00, NULL, true, '2025-09-13 03:52:57.010361+00', '2025-09-13 03:52:57.010361+00');
INSERT INTO public.installment_occurrences VALUES ('31157699-b2e3-4a2b-87b9-1b765b9ce8ee', '35b6d8e3-ad20-4d31-8395-34ba92f2c5ac', '16ed809e-300a-4515-bc45-6ad31929ee3c', 2025, 10, 2, 27623.00, NULL, true, '2025-09-13 03:53:28.594998+00', '2025-09-13 03:53:28.594998+00');
INSERT INTO public.installment_occurrences VALUES ('9e01c1ee-aee2-4c34-9b0f-45f918b27edd', '35b6d8e3-ad20-4d31-8395-34ba92f2c5ac', '16ed809e-300a-4515-bc45-6ad31929ee3c', 2025, 11, 3, 27623.00, NULL, true, '2025-09-13 03:53:28.598019+00', '2025-09-13 03:53:28.598019+00');
INSERT INTO public.installment_occurrences VALUES ('c4221975-c90b-401b-8144-35ac7de9370b', '35b6d8e3-ad20-4d31-8395-34ba92f2c5ac', 'c2b8473c-b139-4566-92bb-3b69877588f9', 2025, 10, 2, 32483.00, NULL, true, '2025-09-13 03:54:09.112899+00', '2025-09-13 03:54:09.112899+00');
INSERT INTO public.installment_occurrences VALUES ('4f9bf293-5827-4d46-88b9-155c138285a1', '35b6d8e3-ad20-4d31-8395-34ba92f2c5ac', 'c2b8473c-b139-4566-92bb-3b69877588f9', 2025, 11, 3, 32483.00, NULL, true, '2025-09-13 03:54:09.11636+00', '2025-09-13 03:54:09.11636+00');
INSERT INTO public.installment_occurrences VALUES ('f9753304-54af-4f79-8854-dfd4f6ed2330', '35b6d8e3-ad20-4d31-8395-34ba92f2c5ac', 'c2b8473c-b139-4566-92bb-3b69877588f9', 2025, 12, 4, 32483.00, NULL, true, '2025-09-13 03:54:09.118569+00', '2025-09-13 03:54:09.118569+00');
INSERT INTO public.installment_occurrences VALUES ('cb45934a-43a9-4a37-b9ab-646f5e42dc18', '35b6d8e3-ad20-4d31-8395-34ba92f2c5ac', 'c2b8473c-b139-4566-92bb-3b69877588f9', 2026, 1, 5, 32483.00, NULL, true, '2025-09-13 03:54:09.122043+00', '2025-09-13 03:54:09.122043+00');
INSERT INTO public.installment_occurrences VALUES ('38d2789e-3b08-405c-bbfa-73ffdb0f7f3a', '35b6d8e3-ad20-4d31-8395-34ba92f2c5ac', 'c2b8473c-b139-4566-92bb-3b69877588f9', 2026, 2, 6, 32483.00, NULL, true, '2025-09-13 03:54:09.123926+00', '2025-09-13 03:54:09.123926+00');
INSERT INTO public.installment_occurrences VALUES ('f5c5e580-e8ae-4533-9aa8-b5bc3a51be89', '35b6d8e3-ad20-4d31-8395-34ba92f2c5ac', 'fa542cf3-48e6-4c7c-958c-f425fe3a7dbf', 2025, 10, 1, 20708.00, NULL, true, '2025-09-13 03:55:04.182281+00', '2025-09-13 03:55:04.182281+00');
INSERT INTO public.installment_occurrences VALUES ('fb104a34-73e1-4b9e-ab27-aa02a290cf73', '35b6d8e3-ad20-4d31-8395-34ba92f2c5ac', 'fa542cf3-48e6-4c7c-958c-f425fe3a7dbf', 2025, 11, 2, 20708.00, NULL, true, '2025-09-13 03:55:04.187199+00', '2025-09-13 03:55:04.187199+00');
INSERT INTO public.installment_occurrences VALUES ('21c95e53-e7b1-4153-80f3-5606a007f322', '35b6d8e3-ad20-4d31-8395-34ba92f2c5ac', 'fa542cf3-48e6-4c7c-958c-f425fe3a7dbf', 2025, 12, 3, 20708.00, NULL, true, '2025-09-13 03:55:04.189199+00', '2025-09-13 03:55:04.189199+00');
INSERT INTO public.installment_occurrences VALUES ('e70c1828-1862-4d09-8601-d2da5404c6cf', '35b6d8e3-ad20-4d31-8395-34ba92f2c5ac', 'fa542cf3-48e6-4c7c-958c-f425fe3a7dbf', 2026, 1, 4, 20708.00, NULL, true, '2025-09-13 03:55:04.191199+00', '2025-09-13 03:55:04.191199+00');
INSERT INTO public.installment_occurrences VALUES ('83796660-b9e1-4254-950f-1c2dfceb2eb2', '35b6d8e3-ad20-4d31-8395-34ba92f2c5ac', 'fa542cf3-48e6-4c7c-958c-f425fe3a7dbf', 2026, 2, 5, 20708.00, NULL, true, '2025-09-13 03:55:04.193728+00', '2025-09-13 03:55:04.193728+00');
INSERT INTO public.installment_occurrences VALUES ('736a8057-2c59-44d0-9251-f37d1010ba13', '35b6d8e3-ad20-4d31-8395-34ba92f2c5ac', 'fa542cf3-48e6-4c7c-958c-f425fe3a7dbf', 2026, 3, 6, 20708.00, NULL, true, '2025-09-13 03:55:04.197083+00', '2025-09-13 03:55:04.197083+00');
INSERT INTO public.installment_occurrences VALUES ('8f87b37b-793b-4c37-991e-a415b7486d24', '35b6d8e3-ad20-4d31-8395-34ba92f2c5ac', 'fa542cf3-48e6-4c7c-958c-f425fe3a7dbf', 2026, 4, 7, 20708.00, NULL, true, '2025-09-13 03:55:04.198949+00', '2025-09-13 03:55:04.198949+00');
INSERT INTO public.installment_occurrences VALUES ('75c0f59d-1eb1-4440-b784-b01234ae18f5', '35b6d8e3-ad20-4d31-8395-34ba92f2c5ac', 'fa542cf3-48e6-4c7c-958c-f425fe3a7dbf', 2026, 5, 8, 20708.00, NULL, true, '2025-09-13 03:55:04.200284+00', '2025-09-13 03:55:04.200284+00');
INSERT INTO public.installment_occurrences VALUES ('a255c224-a507-4b56-8531-9117fc1d7e7c', '35b6d8e3-ad20-4d31-8395-34ba92f2c5ac', 'fa542cf3-48e6-4c7c-958c-f425fe3a7dbf', 2026, 6, 9, 20708.00, NULL, true, '2025-09-13 03:55:04.201515+00', '2025-09-13 03:55:04.201515+00');
INSERT INTO public.installment_occurrences VALUES ('5ebfae1c-73a7-4644-975e-d6b4f3971a7a', '35b6d8e3-ad20-4d31-8395-34ba92f2c5ac', 'fa542cf3-48e6-4c7c-958c-f425fe3a7dbf', 2026, 7, 10, 20708.00, NULL, true, '2025-09-13 03:55:04.203114+00', '2025-09-13 03:55:04.203114+00');
INSERT INTO public.installment_occurrences VALUES ('63c8f5b2-abf2-4033-8f4e-fcfb406393d2', '35b6d8e3-ad20-4d31-8395-34ba92f2c5ac', 'fa542cf3-48e6-4c7c-958c-f425fe3a7dbf', 2026, 8, 11, 20708.00, NULL, true, '2025-09-13 03:55:04.204825+00', '2025-09-13 03:55:04.204825+00');
INSERT INTO public.installment_occurrences VALUES ('d9026659-5409-4ba4-9df5-3748695bc7a5', '35b6d8e3-ad20-4d31-8395-34ba92f2c5ac', 'fa542cf3-48e6-4c7c-958c-f425fe3a7dbf', 2026, 9, 12, 20708.00, NULL, true, '2025-09-13 03:55:04.205852+00', '2025-09-13 03:55:04.205852+00');
INSERT INTO public.installment_occurrences VALUES ('7c0ddbf0-3af1-4686-9a22-e518a43e53b4', '35b6d8e3-ad20-4d31-8395-34ba92f2c5ac', 'fa542cf3-48e6-4c7c-958c-f425fe3a7dbf', 2026, 10, 13, 20708.00, NULL, true, '2025-09-13 03:55:04.207127+00', '2025-09-13 03:55:04.207127+00');
INSERT INTO public.installment_occurrences VALUES ('3626063b-ea51-4b11-a245-8eff3440c47f', '35b6d8e3-ad20-4d31-8395-34ba92f2c5ac', 'fa542cf3-48e6-4c7c-958c-f425fe3a7dbf', 2026, 11, 14, 20708.00, NULL, true, '2025-09-13 03:55:04.208573+00', '2025-09-13 03:55:04.208573+00');
INSERT INTO public.installment_occurrences VALUES ('14a4da59-990a-40d7-83cf-682d3cdfa8e1', '35b6d8e3-ad20-4d31-8395-34ba92f2c5ac', 'fa542cf3-48e6-4c7c-958c-f425fe3a7dbf', 2026, 12, 15, 20708.00, NULL, true, '2025-09-13 03:55:04.209733+00', '2025-09-13 03:55:04.209733+00');
INSERT INTO public.installment_occurrences VALUES ('c692036a-51f0-4324-a4b3-5d0630443f3c', '35b6d8e3-ad20-4d31-8395-34ba92f2c5ac', 'fa542cf3-48e6-4c7c-958c-f425fe3a7dbf', 2027, 1, 16, 20708.00, NULL, true, '2025-09-13 03:55:04.211+00', '2025-09-13 03:55:04.211+00');
INSERT INTO public.installment_occurrences VALUES ('24ce3d3f-c2ee-4531-8a49-996eed93e4b7', '35b6d8e3-ad20-4d31-8395-34ba92f2c5ac', 'fa542cf3-48e6-4c7c-958c-f425fe3a7dbf', 2027, 2, 17, 20708.00, NULL, true, '2025-09-13 03:55:04.21661+00', '2025-09-13 03:55:04.21661+00');
INSERT INTO public.installment_occurrences VALUES ('bc337a10-ca25-4f69-84d6-6591a15ebc45', '35b6d8e3-ad20-4d31-8395-34ba92f2c5ac', 'fa542cf3-48e6-4c7c-958c-f425fe3a7dbf', 2027, 3, 18, 20708.00, NULL, true, '2025-09-13 03:55:04.219652+00', '2025-09-13 03:55:04.219652+00');
INSERT INTO public.installment_occurrences VALUES ('e0fdb867-8d72-4933-876f-ad38101ba520', '35b6d8e3-ad20-4d31-8395-34ba92f2c5ac', 'fa542cf3-48e6-4c7c-958c-f425fe3a7dbf', 2027, 4, 19, 20708.00, NULL, true, '2025-09-13 03:55:04.222273+00', '2025-09-13 03:55:04.222273+00');
INSERT INTO public.installment_occurrences VALUES ('6232e96b-0475-4ca2-9ca4-3d5226950e4d', '35b6d8e3-ad20-4d31-8395-34ba92f2c5ac', 'fa542cf3-48e6-4c7c-958c-f425fe3a7dbf', 2027, 5, 20, 20708.00, NULL, true, '2025-09-13 03:55:04.224908+00', '2025-09-13 03:55:04.224908+00');
INSERT INTO public.installment_occurrences VALUES ('6e726a3e-c153-485e-9a6e-cfe08c68f42a', '35b6d8e3-ad20-4d31-8395-34ba92f2c5ac', 'fa542cf3-48e6-4c7c-958c-f425fe3a7dbf', 2027, 6, 21, 20708.00, NULL, true, '2025-09-13 03:55:04.227416+00', '2025-09-13 03:55:04.227416+00');
INSERT INTO public.installment_occurrences VALUES ('ec0269ab-eac7-4071-8a6a-dd3ca4d42472', '35b6d8e3-ad20-4d31-8395-34ba92f2c5ac', 'fa542cf3-48e6-4c7c-958c-f425fe3a7dbf', 2027, 7, 22, 20708.00, NULL, true, '2025-09-13 03:55:04.230708+00', '2025-09-13 03:55:04.230708+00');
INSERT INTO public.installment_occurrences VALUES ('08e52878-4f0c-435e-98dc-514d51bf6a1b', '35b6d8e3-ad20-4d31-8395-34ba92f2c5ac', 'fa542cf3-48e6-4c7c-958c-f425fe3a7dbf', 2027, 8, 23, 20708.00, NULL, true, '2025-09-13 03:55:04.232975+00', '2025-09-13 03:55:04.232975+00');
INSERT INTO public.installment_occurrences VALUES ('55801093-8b93-4b64-b3e6-c844875a5885', '35b6d8e3-ad20-4d31-8395-34ba92f2c5ac', 'fa542cf3-48e6-4c7c-958c-f425fe3a7dbf', 2027, 9, 24, 20708.00, NULL, true, '2025-09-13 03:55:04.234923+00', '2025-09-13 03:55:04.234923+00');
INSERT INTO public.installment_occurrences VALUES ('c52633bb-9755-4f56-8796-5c9e089ac474', '35b6d8e3-ad20-4d31-8395-34ba92f2c5ac', '3d32f7b6-f7c7-4bae-bac0-2c3b2b58e1eb', 2025, 10, 1, 41740.00, NULL, true, '2025-09-13 03:55:41.613188+00', '2025-09-13 03:55:41.613188+00');
INSERT INTO public.installment_occurrences VALUES ('3f1fc6e7-3779-4e82-b372-a7f69668c0bd', '35b6d8e3-ad20-4d31-8395-34ba92f2c5ac', '3d32f7b6-f7c7-4bae-bac0-2c3b2b58e1eb', 2025, 11, 2, 41740.00, NULL, true, '2025-09-13 03:55:41.61786+00', '2025-09-13 03:55:41.61786+00');
INSERT INTO public.installment_occurrences VALUES ('df0af797-0dbf-43fc-b0e6-27b12c7640bf', '35b6d8e3-ad20-4d31-8395-34ba92f2c5ac', '3d32f7b6-f7c7-4bae-bac0-2c3b2b58e1eb', 2025, 12, 3, 41740.00, NULL, true, '2025-09-13 03:55:41.622186+00', '2025-09-13 03:55:41.622186+00');
INSERT INTO public.installment_occurrences VALUES ('58bf117c-41ba-41ab-8b32-8b6cc78e8894', '35b6d8e3-ad20-4d31-8395-34ba92f2c5ac', '67cc053e-1c24-4168-ae1c-ee981db31d0c', 2025, 10, 18, 56249.00, NULL, true, '2025-09-13 03:57:57.48103+00', '2025-09-13 03:57:57.48103+00');
INSERT INTO public.installment_occurrences VALUES ('512a7e69-b5c2-4cb8-965a-d967efe0f579', '35b6d8e3-ad20-4d31-8395-34ba92f2c5ac', '67cc053e-1c24-4168-ae1c-ee981db31d0c', 2025, 11, 19, 56249.00, NULL, true, '2025-09-13 03:57:57.484299+00', '2025-09-13 03:57:57.484299+00');
INSERT INTO public.installment_occurrences VALUES ('eedade23-d489-4834-bd32-b21cfb452739', '35b6d8e3-ad20-4d31-8395-34ba92f2c5ac', '67cc053e-1c24-4168-ae1c-ee981db31d0c', 2025, 12, 20, 56249.00, NULL, true, '2025-09-13 03:57:57.486465+00', '2025-09-13 03:57:57.486465+00');
INSERT INTO public.installment_occurrences VALUES ('612c3976-9bbb-43c3-bb8b-b8d920f116dd', '35b6d8e3-ad20-4d31-8395-34ba92f2c5ac', '67cc053e-1c24-4168-ae1c-ee981db31d0c', 2026, 1, 21, 56249.00, NULL, true, '2025-09-13 03:57:57.493153+00', '2025-09-13 03:57:57.493153+00');
INSERT INTO public.installment_occurrences VALUES ('7f2c8ab1-ea0b-4d1a-b606-4ae1022cb76e', '35b6d8e3-ad20-4d31-8395-34ba92f2c5ac', '67cc053e-1c24-4168-ae1c-ee981db31d0c', 2026, 2, 22, 56249.00, NULL, true, '2025-09-13 03:57:57.495019+00', '2025-09-13 03:57:57.495019+00');
INSERT INTO public.installment_occurrences VALUES ('f4ae8349-292f-4653-86ba-055b7f790699', '35b6d8e3-ad20-4d31-8395-34ba92f2c5ac', '67cc053e-1c24-4168-ae1c-ee981db31d0c', 2026, 3, 23, 56249.00, NULL, true, '2025-09-13 03:57:57.496738+00', '2025-09-13 03:57:57.496738+00');
INSERT INTO public.installment_occurrences VALUES ('61634b9a-75e5-4e5b-b217-33f0e55db3d7', '35b6d8e3-ad20-4d31-8395-34ba92f2c5ac', '67cc053e-1c24-4168-ae1c-ee981db31d0c', 2026, 4, 24, 56249.00, NULL, true, '2025-09-13 03:57:57.498527+00', '2025-09-13 03:57:57.498527+00');
INSERT INTO public.installment_occurrences VALUES ('eb082e31-9dcb-460e-aebc-8c4d0f10d82f', '35b6d8e3-ad20-4d31-8395-34ba92f2c5ac', '297a489c-2d19-4379-8bdc-818abde1bbf1', 2025, 10, 18, 48124.00, NULL, true, '2025-09-13 03:58:32.44626+00', '2025-09-13 03:58:32.44626+00');
INSERT INTO public.installment_occurrences VALUES ('05ec23f6-f020-4327-a087-90d308260025', '35b6d8e3-ad20-4d31-8395-34ba92f2c5ac', '297a489c-2d19-4379-8bdc-818abde1bbf1', 2025, 11, 19, 48124.00, NULL, true, '2025-09-13 03:58:32.455432+00', '2025-09-13 03:58:32.455432+00');
INSERT INTO public.installment_occurrences VALUES ('27246680-6926-4b3c-9c8b-0b2b1f2081c6', '35b6d8e3-ad20-4d31-8395-34ba92f2c5ac', '297a489c-2d19-4379-8bdc-818abde1bbf1', 2025, 12, 20, 48124.00, NULL, true, '2025-09-13 03:58:32.458144+00', '2025-09-13 03:58:32.458144+00');
INSERT INTO public.installment_occurrences VALUES ('2f305978-c682-4776-b83d-a0f95b49742b', '35b6d8e3-ad20-4d31-8395-34ba92f2c5ac', '297a489c-2d19-4379-8bdc-818abde1bbf1', 2026, 1, 21, 48124.00, NULL, true, '2025-09-13 03:58:32.461304+00', '2025-09-13 03:58:32.461304+00');
INSERT INTO public.installment_occurrences VALUES ('fed8a3ab-b039-423d-83d7-d505ae9efebd', '35b6d8e3-ad20-4d31-8395-34ba92f2c5ac', '297a489c-2d19-4379-8bdc-818abde1bbf1', 2026, 2, 22, 48124.00, NULL, true, '2025-09-13 03:58:32.465766+00', '2025-09-13 03:58:32.465766+00');
INSERT INTO public.installment_occurrences VALUES ('635e2597-9252-477b-88ba-08cd271478f1', '35b6d8e3-ad20-4d31-8395-34ba92f2c5ac', '297a489c-2d19-4379-8bdc-818abde1bbf1', 2026, 3, 23, 48124.00, NULL, true, '2025-09-13 03:58:32.469547+00', '2025-09-13 03:58:32.469547+00');
INSERT INTO public.installment_occurrences VALUES ('a3772867-dcad-4987-bc76-2af87f8fe8ee', '35b6d8e3-ad20-4d31-8395-34ba92f2c5ac', '297a489c-2d19-4379-8bdc-818abde1bbf1', 2026, 4, 24, 48124.00, NULL, true, '2025-09-13 03:58:32.472554+00', '2025-09-13 03:58:32.472554+00');
INSERT INTO public.installment_occurrences VALUES ('f3110562-abda-4fa2-8d06-1ea5393640d1', '35b6d8e3-ad20-4d31-8395-34ba92f2c5ac', '18623f29-3cb4-4eda-bbe4-4f3b473b1e13', 2025, 10, 18, 3082.00, NULL, true, '2025-09-13 03:58:55.041877+00', '2025-09-13 03:58:55.041877+00');
INSERT INTO public.installment_occurrences VALUES ('63d5f90e-aa10-4633-b938-a01c0fc500c3', '35b6d8e3-ad20-4d31-8395-34ba92f2c5ac', '18623f29-3cb4-4eda-bbe4-4f3b473b1e13', 2025, 11, 19, 3082.00, NULL, true, '2025-09-13 03:58:55.044119+00', '2025-09-13 03:58:55.044119+00');
INSERT INTO public.installment_occurrences VALUES ('4a0df6df-9240-48e2-bf91-b43a10ef280d', '35b6d8e3-ad20-4d31-8395-34ba92f2c5ac', '18623f29-3cb4-4eda-bbe4-4f3b473b1e13', 2025, 12, 20, 3082.00, NULL, true, '2025-09-13 03:58:55.046703+00', '2025-09-13 03:58:55.046703+00');
INSERT INTO public.installment_occurrences VALUES ('fe934026-33ce-41b4-9582-774b031ac8fa', '35b6d8e3-ad20-4d31-8395-34ba92f2c5ac', '18623f29-3cb4-4eda-bbe4-4f3b473b1e13', 2026, 1, 21, 3082.00, NULL, true, '2025-09-13 03:58:55.049634+00', '2025-09-13 03:58:55.049634+00');
INSERT INTO public.installment_occurrences VALUES ('bfe103e6-fd00-47f9-83f6-785f56d42e4b', '35b6d8e3-ad20-4d31-8395-34ba92f2c5ac', '18623f29-3cb4-4eda-bbe4-4f3b473b1e13', 2026, 2, 22, 3082.00, NULL, true, '2025-09-13 03:58:55.051997+00', '2025-09-13 03:58:55.051997+00');
INSERT INTO public.installment_occurrences VALUES ('31f1e78a-f0bf-4de5-96f7-38deaab6b878', '35b6d8e3-ad20-4d31-8395-34ba92f2c5ac', '18623f29-3cb4-4eda-bbe4-4f3b473b1e13', 2026, 3, 23, 3082.00, NULL, true, '2025-09-13 03:58:55.053691+00', '2025-09-13 03:58:55.053691+00');
INSERT INTO public.installment_occurrences VALUES ('3fc4dbcc-e27f-46ae-a52f-d46bb1dda784', '35b6d8e3-ad20-4d31-8395-34ba92f2c5ac', '18623f29-3cb4-4eda-bbe4-4f3b473b1e13', 2026, 4, 24, 3082.00, NULL, true, '2025-09-13 03:58:55.055602+00', '2025-09-13 03:58:55.055602+00');
INSERT INTO public.installment_occurrences VALUES ('f9627f75-3100-4cd1-bebc-f7c9be8df50b', '35b6d8e3-ad20-4d31-8395-34ba92f2c5ac', '064d2b7d-ab6f-46d1-b66f-dd6d20019a03', 2025, 10, 4, 61791.00, NULL, true, '2025-09-13 03:59:43.160848+00', '2025-09-13 03:59:43.160848+00');
INSERT INTO public.installment_occurrences VALUES ('4e22e718-6ffc-4c5e-9ba9-f1e7d72ea8f1', '35b6d8e3-ad20-4d31-8395-34ba92f2c5ac', '064d2b7d-ab6f-46d1-b66f-dd6d20019a03', 2025, 11, 5, 61791.00, NULL, true, '2025-09-13 03:59:43.164737+00', '2025-09-13 03:59:43.164737+00');
INSERT INTO public.installment_occurrences VALUES ('d2d2aab7-d5f5-4abe-9a86-352c333eda76', '35b6d8e3-ad20-4d31-8395-34ba92f2c5ac', '064d2b7d-ab6f-46d1-b66f-dd6d20019a03', 2025, 12, 6, 61791.00, NULL, true, '2025-09-13 03:59:43.167598+00', '2025-09-13 03:59:43.167598+00');
INSERT INTO public.installment_occurrences VALUES ('7dca6f40-504d-44e4-8947-c712b58ba364', '35b6d8e3-ad20-4d31-8395-34ba92f2c5ac', '3cebd1f9-3a2f-4467-94e4-1d6b830544da', 2025, 10, 4, 57689.00, NULL, true, '2025-09-13 04:06:43.021241+00', '2025-09-13 04:06:43.021241+00');
INSERT INTO public.installment_occurrences VALUES ('d66403bc-4227-45db-9130-0c7981a56750', '35b6d8e3-ad20-4d31-8395-34ba92f2c5ac', '3cebd1f9-3a2f-4467-94e4-1d6b830544da', 2025, 11, 5, 57689.00, NULL, true, '2025-09-13 04:06:43.025549+00', '2025-09-13 04:06:43.025549+00');
INSERT INTO public.installment_occurrences VALUES ('e4ceade8-5cb3-47af-b9ec-7038a4024c94', '35b6d8e3-ad20-4d31-8395-34ba92f2c5ac', '3cebd1f9-3a2f-4467-94e4-1d6b830544da', 2025, 12, 6, 57689.00, NULL, true, '2025-09-13 04:06:43.027807+00', '2025-09-13 04:06:43.027807+00');
INSERT INTO public.installment_occurrences VALUES ('1f87e8f6-aea9-415b-9f62-801b96477c34', '35b6d8e3-ad20-4d31-8395-34ba92f2c5ac', '9cf17fae-5b99-489b-884e-6479a5c66977', 2025, 10, 3, 93333.00, NULL, true, '2025-09-13 17:41:22.979808+00', '2025-09-13 17:41:22.979808+00');
INSERT INTO public.installment_occurrences VALUES ('cd1a07b5-6363-4e65-a692-95f04c2cae8e', '35b6d8e3-ad20-4d31-8395-34ba92f2c5ac', 'c5ba6c12-3b86-4385-9f76-36f1ba38164d', 2025, 10, 3, 34767.00, NULL, true, '2025-09-13 17:42:59.216025+00', '2025-09-13 17:42:59.216025+00');
INSERT INTO public.installment_occurrences VALUES ('a8232aa9-e190-436e-bd1c-36ffc30316fa', '35b6d8e3-ad20-4d31-8395-34ba92f2c5ac', '3a907e06-f413-4d43-b17a-5217e5953ee6', 2025, 10, 2, 37196.00, NULL, true, '2025-09-13 17:43:28.428241+00', '2025-09-13 17:43:28.428241+00');
INSERT INTO public.installment_occurrences VALUES ('8e384010-4e68-408e-8eb7-f010f725bea5', '35b6d8e3-ad20-4d31-8395-34ba92f2c5ac', '3a907e06-f413-4d43-b17a-5217e5953ee6', 2025, 11, 3, 37196.00, NULL, true, '2025-09-13 17:43:28.430037+00', '2025-09-13 17:43:28.430037+00');
INSERT INTO public.installment_occurrences VALUES ('10f5bf68-0e3b-44f9-a2bd-f1506c56136c', '35b6d8e3-ad20-4d31-8395-34ba92f2c5ac', 'd6fac725-5f2f-4e11-9f0b-2f08acebfd05', 2025, 10, 2, 13766.00, NULL, true, '2025-09-13 17:43:52.10943+00', '2025-09-13 17:43:52.10943+00');
INSERT INTO public.installment_occurrences VALUES ('20fd894d-2bdc-4c52-b5b8-edff5d25f664', '35b6d8e3-ad20-4d31-8395-34ba92f2c5ac', 'd6fac725-5f2f-4e11-9f0b-2f08acebfd05', 2025, 11, 3, 13766.00, NULL, true, '2025-09-13 17:43:52.111995+00', '2025-09-13 17:43:52.111995+00');
INSERT INTO public.installment_occurrences VALUES ('09d0205c-d00a-4163-a1a6-6a76df901afb', '35b6d8e3-ad20-4d31-8395-34ba92f2c5ac', 'd7010ac4-3e5d-498b-94f5-66974c2e06c5', 2025, 10, 2, 8333.00, NULL, true, '2025-09-13 17:44:21.559042+00', '2025-09-13 17:44:21.559042+00');
INSERT INTO public.installment_occurrences VALUES ('e71590de-6f38-4eab-a00f-d366b66162e0', '35b6d8e3-ad20-4d31-8395-34ba92f2c5ac', 'd7010ac4-3e5d-498b-94f5-66974c2e06c5', 2025, 11, 3, 8333.00, NULL, true, '2025-09-13 17:44:21.561159+00', '2025-09-13 17:44:21.561159+00');
INSERT INTO public.installment_occurrences VALUES ('e5dcea5a-9901-42a2-8fd5-d6c240de22ff', '35b6d8e3-ad20-4d31-8395-34ba92f2c5ac', 'fe05e731-e710-4a04-bf6c-06079892d5fd', 2025, 10, 2, 7667.00, NULL, true, '2025-09-13 17:44:43.95725+00', '2025-09-13 17:44:43.95725+00');
INSERT INTO public.installment_occurrences VALUES ('b0acc7c7-1c57-416a-94e3-82356d2e1438', '35b6d8e3-ad20-4d31-8395-34ba92f2c5ac', 'fe05e731-e710-4a04-bf6c-06079892d5fd', 2025, 11, 3, 7667.00, NULL, true, '2025-09-13 17:44:43.95919+00', '2025-09-13 17:44:43.95919+00');
INSERT INTO public.installment_occurrences VALUES ('4c316b45-fab5-42bd-ba79-26655a8834a5', '35b6d8e3-ad20-4d31-8395-34ba92f2c5ac', '113b5957-cf7a-4a9a-8889-304ca69a1cad', 2025, 10, 2, 7266.00, NULL, true, '2025-09-13 17:45:07.282972+00', '2025-09-13 17:45:07.282972+00');
INSERT INTO public.installment_occurrences VALUES ('41ed13e7-5e8f-4bec-86d9-ef4ec545dcc3', '35b6d8e3-ad20-4d31-8395-34ba92f2c5ac', '113b5957-cf7a-4a9a-8889-304ca69a1cad', 2025, 11, 3, 7266.00, NULL, true, '2025-09-13 17:45:07.285135+00', '2025-09-13 17:45:07.285135+00');
INSERT INTO public.installment_occurrences VALUES ('4f343289-6be4-4eab-855c-8d083701456a', '35b6d8e3-ad20-4d31-8395-34ba92f2c5ac', '8d29be07-8049-493e-b436-8d972ef04795', 2025, 10, 2, 8064.00, NULL, true, '2025-09-13 17:45:28.09284+00', '2025-09-13 17:45:28.09284+00');
INSERT INTO public.installment_occurrences VALUES ('a3644521-9a0e-46bd-92d5-c73cd06e0bed', '35b6d8e3-ad20-4d31-8395-34ba92f2c5ac', '8d29be07-8049-493e-b436-8d972ef04795', 2025, 11, 3, 8064.00, NULL, true, '2025-09-13 17:45:28.094708+00', '2025-09-13 17:45:28.094708+00');


--
-- Data for Name: intl_unbilled; Type: TABLE DATA; Schema: public; Owner: postgres
--

INSERT INTO public.intl_unbilled VALUES ('1625c070-0250-4996-9bd2-8d3113d20272', '35b6d8e3-ad20-4d31-8395-34ba92f2c5ac', 'mastercard', '2025-09-17', 'NETFLIX.COM            CA            USA', 10.55, 980.0000, 10339.00, 'gasto', 50, '2025-09-17 17:18:12.260456+00', '2025-09-17 17:48:43.754939+00', '2025-09-17', 2025, 10);
INSERT INTO public.intl_unbilled VALUES ('cfce5893-4535-4c20-90a8-5aadc3651880', '35b6d8e3-ad20-4d31-8395-34ba92f2c5ac', 'mastercard', '2025-09-12', 'OPENAI *CHATGPT SUBSCR COMPRAS INT.MA', 23.80, 980.0000, 23324.00, 'gasto', 50, '2025-09-17 17:18:12.260456+00', '2025-09-17 17:48:45.907767+00', '2025-09-12', 2025, 10);
INSERT INTO public.intl_unbilled VALUES ('28a3e256-fe47-4494-a900-242b3ee1464b', '35b6d8e3-ad20-4d31-8395-34ba92f2c5ac', 'mastercard', '2025-09-10', 'APPLE.COM/BILL COMPRAS INT.MA', 5.24, 980.0000, 5135.00, 'gasto', 50, '2025-09-17 17:18:12.260456+00', '2025-09-17 17:48:48.836301+00', '2025-09-10', 2025, 10);
INSERT INTO public.intl_unbilled VALUES ('f27fc218-d3f4-4f2c-b716-640b51ed368b', '35b6d8e3-ad20-4d31-8395-34ba92f2c5ac', 'mastercard', '2025-09-10', 'OCULUS *K8J4SYQ4R2 COMPRAS INT.MA', 9.99, 980.0000, 9790.00, 'gasto', 50, '2025-09-17 17:18:12.260456+00', '2025-09-17 17:48:51.098006+00', '2025-09-10', 2025, 10);
INSERT INTO public.intl_unbilled VALUES ('01d3fea7-526b-423f-874e-30997b1faac7', '35b6d8e3-ad20-4d31-8395-34ba92f2c5ac', 'mastercard', '2025-09-06', 'Disney Plus COMPRAS INT.MA', 14.90, 980.0000, 14602.00, 'gasto', 50, '2025-09-17 17:18:12.260456+00', '2025-09-17 17:48:55.004998+00', '2025-09-06', 2025, 10);
INSERT INTO public.intl_unbilled VALUES ('d39e565e-83c8-4e8b-9866-a1d2558b2dd9', '35b6d8e3-ad20-4d31-8395-34ba92f2c5ac', 'mastercard', '2025-09-05', 'OPENAI *CHATGPT SUBSCR COMPRAS INT.MA', 23.80, 980.0000, 23324.00, 'gasto', 50, '2025-09-17 17:18:12.260456+00', '2025-09-17 17:48:57.325701+00', '2025-09-05', 2025, 10);
INSERT INTO public.intl_unbilled VALUES ('48f3a2d9-a61a-4c30-a2c8-3c73bdc41e74', '35b6d8e3-ad20-4d31-8395-34ba92f2c5ac', 'mastercard', '2025-09-02', 'SONGSTERR COMPRAS INT.MA', 4.40, 980.0000, 4312.00, 'gasto', 50, '2025-09-17 17:18:12.260456+00', '2025-09-17 17:48:59.707917+00', '2025-09-02', 2025, 10);
INSERT INTO public.intl_unbilled VALUES ('db5a40e3-8e70-41e3-ae85-b4021cd105b9', '35b6d8e3-ad20-4d31-8395-34ba92f2c5ac', 'mastercard', '2025-09-01', 'DIGITALOCEAN.COM COMPRAS INT.MA', 1.68, 980.0000, 1646.00, 'gasto', 50, '2025-09-17 17:18:12.260456+00', '2025-09-17 17:49:01.739202+00', '2025-09-01', 2025, 10);
INSERT INTO public.intl_unbilled VALUES ('c927dd17-e588-417e-9ad2-e28671f2005d', '35b6d8e3-ad20-4d31-8395-34ba92f2c5ac', 'mastercard', '2025-08-26', 'APPLE.COM/BILL COMPRAS INT.MA', 11.54, 950.0000, 10963.00, 'gasto', NULL, '2025-09-12 23:11:07.819944+00', '2025-09-12 23:11:07.819944+00', '2025-08-26', 2025, 8);
INSERT INTO public.intl_unbilled VALUES ('3ebdeb2b-226a-4947-af6f-dbbf5519a561', '35b6d8e3-ad20-4d31-8395-34ba92f2c5ac', 'mastercard', '2025-09-08', 'TRASPASO DEUDA INTERNA TRA.DOLAR/PESO', -161.95, 980.0000, -158711.00, 'desestimar', NULL, '2025-09-17 17:18:12.260456+00', '2025-09-17 17:18:17.794758+00', '2025-09-08', 2025, 10);
INSERT INTO public.intl_unbilled VALUES ('4a85d268-b54d-4631-aace-56dd7dd8b8e9', 'd7c5ec30-b2d6-4658-aefb-918bdaf5b70e', 'mastercard', '2025-12-01', 'DIGITALOCEAN.COM AMSTERDAM NLD', 15.21, 928.1100, 14117.00, 'gasto', NULL, '2025-12-01 15:07:10.957696+00', '2025-12-01 15:07:10.957696+00', '2025-12-01', 2026, 1);
INSERT INTO public.intl_unbilled VALUES ('3ffeebd3-9d63-47f6-a3fa-03b00f47bf64', 'd7c5ec30-b2d6-4658-aefb-918bdaf5b70e', 'mastercard', '2025-11-28', 'OCULUS 85QDL75JT2     Dublin        IRL', 12.99, 950.0000, 12341.00, 'gasto', NULL, '2025-12-01 15:11:12.671574+00', '2025-12-01 15:11:12.671574+00', '2025-11-28', 2026, 1);
INSERT INTO public.intl_unbilled VALUES ('17842ab4-d703-4daf-b4d0-084533d021ed', 'd7c5ec30-b2d6-4658-aefb-918bdaf5b70e', 'mastercard', '2025-11-26', 'APPLE.COM/BILL COMPRAS INT.MA', 11.87, 950.0000, 11277.00, 'gasto', NULL, '2025-12-01 15:11:12.671574+00', '2025-12-01 15:11:12.671574+00', '2025-11-26', 2026, 1);
INSERT INTO public.intl_unbilled VALUES ('c8af49d6-1d4c-4024-b4be-792905de75d8', 'd7c5ec30-b2d6-4658-aefb-918bdaf5b70e', 'mastercard', '2025-11-26', 'APPLE.COM/BILL COMPRAS INT.MA', 25.38, 950.0000, 24111.00, 'gasto', NULL, '2025-12-01 15:11:12.671574+00', '2025-12-01 15:11:12.671574+00', '2025-11-26', 2026, 1);
INSERT INTO public.intl_unbilled VALUES ('70456efd-8979-4c89-8df9-45bf7f86a930', 'd7c5ec30-b2d6-4658-aefb-918bdaf5b70e', 'mastercard', '2025-12-02', 'SONGSTERR MADISON USA', 4.55, 928.0200, 4222.00, 'gasto', NULL, '2025-12-03 03:10:16.051254+00', '2025-12-03 03:10:16.051254+00', '2025-12-02', 2026, 1);
INSERT INTO public.intl_unbilled VALUES ('82d73a7a-8b17-493a-9edc-3a3fc7f468e1', 'd7c5ec30-b2d6-4658-aefb-918bdaf5b70e', 'mastercard', '2025-12-05', 'OPENAI *CHATGPT SUBSCR SAN FRANCISCO USA', 23.80, 919.9200, 21894.00, 'gasto', NULL, '2025-12-05 23:13:20.551828+00', '2025-12-05 23:13:20.551828+00', '2025-12-05', 2026, 1);
INSERT INTO public.intl_unbilled VALUES ('7cc3e1bc-4324-4294-8bbf-abc1ea69471d', 'd7c5ec30-b2d6-4658-aefb-918bdaf5b70e', 'mastercard', '2025-12-05', 'Disney Plus Burbank USA', 15.52, 917.7000, 14243.00, 'gasto', NULL, '2025-12-06 17:11:19.296425+00', '2025-12-06 17:11:19.296425+00', '2025-12-05', 2026, 1);


--
-- Data for Name: intl_suspicious_duplicates; Type: TABLE DATA; Schema: public; Owner: postgres
--



--
-- Data for Name: projected_templates; Type: TABLE DATA; Schema: public; Owner: postgres
--

INSERT INTO public.projected_templates VALUES ('d45f3924-e493-4c28-b654-7bb0eaa3ed47', '35b6d8e3-ad20-4d31-8395-34ba92f2c5ac', 'Arriendo', 'gasto', 950000.00, 2, 2025, 10, NULL, NULL, true, '2025-09-10 18:30:04.674822', '2025-09-10 18:30:04.674822');
INSERT INTO public.projected_templates VALUES ('c1470118-fe1e-4597-a912-59bf63ba3a81', '35b6d8e3-ad20-4d31-8395-34ba92f2c5ac', 'Sueldo', 'ingreso', 4600000.00, 1, 2025, 10, NULL, NULL, true, '2025-09-10 18:43:26.871007', '2025-09-10 18:43:26.871007');
INSERT INTO public.projected_templates VALUES ('c43d44f4-44f9-476f-8f72-2d0ba6b7ca7b', '35b6d8e3-ad20-4d31-8395-34ba92f2c5ac', 'Credito 2', 'gasto', 695982.00, 1, 2025, 10, NULL, NULL, true, '2025-09-10 18:50:10.671855', '2025-09-10 18:50:10.671855');
INSERT INTO public.projected_templates VALUES ('b70eca76-44d6-42bc-ae86-a95aba177fa2', '35b6d8e3-ad20-4d31-8395-34ba92f2c5ac', 'Gas Lipigas', 'gasto', 65000.00, 1, 2025, 10, NULL, 'Estimado', true, '2025-09-10 18:53:00.102836', '2025-09-10 18:53:00.102836');
INSERT INTO public.projected_templates VALUES ('b79c717c-83d9-48c0-a2a9-7f695a76dbb0', '35b6d8e3-ad20-4d31-8395-34ba92f2c5ac', 'Internet', 'gasto', 21000.00, 1, 2025, 10, NULL, NULL, true, '2025-09-10 18:53:27.523708', '2025-09-10 18:53:27.523708');
INSERT INTO public.projected_templates VALUES ('c398548b-f51a-475c-ac9f-2f0414134b01', '35b6d8e3-ad20-4d31-8395-34ba92f2c5ac', 'Luz', 'gasto', 60000.00, 1, 2025, 10, NULL, NULL, true, '2025-09-10 18:53:49.994252', '2025-09-10 18:53:49.994252');
INSERT INTO public.projected_templates VALUES ('e6d75f01-9ee8-430a-bb72-41e393e59e32', '35b6d8e3-ad20-4d31-8395-34ba92f2c5ac', 'Claro Celular', 'gasto', 20500.00, 1, 2025, 10, NULL, NULL, true, '2025-09-10 18:54:39.313436', '2025-09-10 18:54:39.313436');
INSERT INTO public.projected_templates VALUES ('1d3a187c-06cf-42b8-a643-944f0a748a6f', '35b6d8e3-ad20-4d31-8395-34ba92f2c5ac', 'Pago Universidad', 'gasto', 100000.00, 1, 2025, 10, NULL, NULL, true, '2025-09-10 18:55:15.968887', '2025-09-10 18:55:15.968887');
INSERT INTO public.projected_templates VALUES ('c3753b14-4f97-410c-ab1d-1c47285c067a', '35b6d8e3-ad20-4d31-8395-34ba92f2c5ac', 'Seguro Auto', 'gasto', 95000.00, 20, 2025, 10, NULL, NULL, true, '2025-09-10 18:56:57.932735', '2025-09-10 18:56:57.932735');
INSERT INTO public.projected_templates VALUES ('f92a5c92-b861-46be-9b60-c85ba2217716', '35b6d8e3-ad20-4d31-8395-34ba92f2c5ac', 'Gastos Comunes', 'gasto', 350000.00, 1, 2025, 10, NULL, NULL, true, '2025-09-13 14:36:50.191886', '2025-09-13 14:36:50.191886');
INSERT INTO public.projected_templates VALUES ('ce606d1d-b56d-4605-84b2-ecfa332886ab', '35b6d8e3-ad20-4d31-8395-34ba92f2c5ac', 'Transferencia Maria Jose', 'ingreso', 142745.00, 1, 2025, 10, NULL, NULL, false, '2025-09-13 14:52:33.349584', '2025-09-13 14:52:33.349584');
INSERT INTO public.projected_templates VALUES ('b36c20d8-16c4-4c2d-bac9-b9b7003387cf', '35b6d8e3-ad20-4d31-8395-34ba92f2c5ac', 'Credito 2 - Reordenamiento', 'gasto', 658000.00, 3, 2025, 10, NULL, NULL, true, '2025-10-09 01:10:45.800819', '2025-10-09 01:10:45.800819');
INSERT INTO public.projected_templates VALUES ('ecba49e5-c531-4787-a390-49db7570c780', '35b6d8e3-ad20-4d31-8395-34ba92f2c5ac', 'Claro Celular', 'gasto', 20500.00, 1, 2025, 10, NULL, NULL, true, '2025-10-15 18:37:09.273618', '2025-10-15 18:37:09.273618');
INSERT INTO public.projected_templates VALUES ('986d45c1-0077-4e9a-834b-df5e730c46d0', 'd7c5ec30-b2d6-4658-aefb-918bdaf5b70e', 'Arriendo', 'gasto', 950000.00, 1, 2025, 11, NULL, NULL, true, '2025-10-31 03:58:12.648063', '2025-10-31 03:58:12.648063');
INSERT INTO public.projected_templates VALUES ('de0bb907-acc4-416e-8465-b81b1fdefa31', 'd7c5ec30-b2d6-4658-aefb-918bdaf5b70e', 'Claro celular', 'gasto', 20500.00, 1, 2025, 11, NULL, NULL, true, '2025-10-31 03:58:24.89764', '2025-10-31 03:58:24.89764');
INSERT INTO public.projected_templates VALUES ('cfe0a3dd-8431-4f51-9438-1d0a003aa611', 'd7c5ec30-b2d6-4658-aefb-918bdaf5b70e', 'Credito - Reordenamiento', 'gasto', 660000.00, 1, 2025, 11, NULL, NULL, true, '2025-10-31 03:58:37.569835', '2025-10-31 03:58:37.569835');
INSERT INTO public.projected_templates VALUES ('68fbd3b7-d29b-48ac-b404-dfb405b73d58', 'd7c5ec30-b2d6-4658-aefb-918bdaf5b70e', 'Crédito Auto', 'gasto', 695982.00, 1, 2025, 11, NULL, NULL, true, '2025-10-31 03:58:48.481889', '2025-10-31 03:58:48.481889');
INSERT INTO public.projected_templates VALUES ('f2e2394b-56a4-412e-84ad-96407c25dcce', 'd7c5ec30-b2d6-4658-aefb-918bdaf5b70e', 'Gas Lipigas', 'gasto', 70000.00, 1, 2025, 11, NULL, NULL, true, '2025-10-31 03:59:03.293791', '2025-10-31 03:59:03.293791');
INSERT INTO public.projected_templates VALUES ('1b30e6d4-356b-452b-8db5-ce595b50e59a', 'd7c5ec30-b2d6-4658-aefb-918bdaf5b70e', 'Gastos Comunes', 'gasto', 350000.00, 1, 2025, 11, NULL, NULL, true, '2025-10-31 03:59:15.643173', '2025-10-31 03:59:15.643173');
INSERT INTO public.projected_templates VALUES ('43bd10ed-aebc-4e91-904e-1a469ee826aa', 'd7c5ec30-b2d6-4658-aefb-918bdaf5b70e', 'Internet Movistar', 'gasto', 21500.00, 1, 2025, 11, NULL, NULL, true, '2025-10-31 03:59:26.973799', '2025-10-31 03:59:26.973799');
INSERT INTO public.projected_templates VALUES ('5851733c-2c6b-4407-bc2d-1be0a93b7e60', 'd7c5ec30-b2d6-4658-aefb-918bdaf5b70e', 'Luz', 'gasto', 60000.00, 1, 2025, 11, NULL, NULL, true, '2025-10-31 03:59:34.97682', '2025-10-31 03:59:34.97682');
INSERT INTO public.projected_templates VALUES ('e4495d8e-fab1-4be3-aad5-b4c96098f7ef', 'd7c5ec30-b2d6-4658-aefb-918bdaf5b70e', 'Pago Universidad', 'gasto', 110000.00, 1, 2025, 11, NULL, NULL, true, '2025-10-31 03:59:45.138287', '2025-10-31 03:59:45.138287');
INSERT INTO public.projected_templates VALUES ('55a7e8f4-7bf5-44f1-b6d1-768366a154f7', 'd7c5ec30-b2d6-4658-aefb-918bdaf5b70e', 'Seguro Auto', 'gasto', 95000.00, 1, 2025, 11, NULL, NULL, true, '2025-10-31 03:59:55.209747', '2025-10-31 03:59:55.209747');
INSERT INTO public.projected_templates VALUES ('69020f30-3315-4b0e-82c7-d59e03a3ac17', 'd7c5ec30-b2d6-4658-aefb-918bdaf5b70e', 'Sueldo', 'ingreso', 4650000.00, 1, 2025, 11, NULL, NULL, true, '2025-10-31 04:00:11.780217', '2025-10-31 04:00:11.780217');


--
-- Data for Name: projected_occurrences; Type: TABLE DATA; Schema: public; Owner: postgres
--

INSERT INTO public.projected_occurrences VALUES ('82adc54f-b23f-49e7-a1c1-01be00aad48f', '35b6d8e3-ad20-4d31-8395-34ba92f2c5ac', 'd45f3924-e493-4c28-b654-7bb0eaa3ed47', 2025, 10, '2025-10-02', true, 'Arriendo', 'gasto', 950000.00, NULL, NULL, true, '2025-09-10 18:30:04.682807', '2025-09-10 18:30:04.682807');
INSERT INTO public.projected_occurrences VALUES ('cf3d47ce-6734-4322-bc84-3ccbb68ee8cd', '35b6d8e3-ad20-4d31-8395-34ba92f2c5ac', 'd45f3924-e493-4c28-b654-7bb0eaa3ed47', 2025, 11, '2025-11-02', false, NULL, NULL, NULL, NULL, NULL, true, '2025-09-10 18:30:10.923637', '2025-09-10 18:30:10.923637');
INSERT INTO public.projected_occurrences VALUES ('97b48c1d-e3e9-42fc-9dbe-fa7be0256a52', '35b6d8e3-ad20-4d31-8395-34ba92f2c5ac', 'c1470118-fe1e-4597-a912-59bf63ba3a81', 2025, 10, '2025-10-01', true, 'Sueldo', 'ingreso', 4600000.00, NULL, NULL, true, '2025-09-10 18:43:26.878894', '2025-09-10 18:43:26.878894');
INSERT INTO public.projected_occurrences VALUES ('38e91119-41ef-43de-924c-8245d6a4493a', '35b6d8e3-ad20-4d31-8395-34ba92f2c5ac', 'c43d44f4-44f9-476f-8f72-2d0ba6b7ca7b', 2025, 10, '2025-10-01', true, 'Credito 2', 'gasto', 695982.00, NULL, NULL, true, '2025-09-10 18:50:10.676509', '2025-09-10 18:50:10.676509');
INSERT INTO public.projected_occurrences VALUES ('3e060106-722c-4e19-b942-f3c109f61ecb', '35b6d8e3-ad20-4d31-8395-34ba92f2c5ac', 'b70eca76-44d6-42bc-ae86-a95aba177fa2', 2025, 10, '2025-10-01', true, 'Gas Lipigas', 'gasto', 65000.00, NULL, 'Estimado', true, '2025-09-10 18:53:00.110143', '2025-09-10 18:53:00.110143');
INSERT INTO public.projected_occurrences VALUES ('e194dced-95b0-4ec5-aa56-2e9dc8a282ca', '35b6d8e3-ad20-4d31-8395-34ba92f2c5ac', 'b79c717c-83d9-48c0-a2a9-7f695a76dbb0', 2025, 10, '2025-10-01', true, 'Internet', 'gasto', 21000.00, NULL, NULL, true, '2025-09-10 18:53:27.528494', '2025-09-10 18:53:27.528494');
INSERT INTO public.projected_occurrences VALUES ('5a2db8a8-8a4c-4700-8f72-9c4b1c87eeec', '35b6d8e3-ad20-4d31-8395-34ba92f2c5ac', 'c398548b-f51a-475c-ac9f-2f0414134b01', 2025, 10, '2025-10-01', true, 'Luz', 'gasto', 60000.00, NULL, NULL, true, '2025-09-10 18:53:49.998818', '2025-09-10 18:53:49.998818');
INSERT INTO public.projected_occurrences VALUES ('bc9ac805-63d7-4a15-92a8-8e106542aa19', '35b6d8e3-ad20-4d31-8395-34ba92f2c5ac', 'e6d75f01-9ee8-430a-bb72-41e393e59e32', 2025, 10, '2025-10-01', true, 'Claro Celular', 'gasto', 20500.00, NULL, NULL, true, '2025-09-10 18:54:39.320448', '2025-09-10 18:54:39.320448');
INSERT INTO public.projected_occurrences VALUES ('dcefafee-2062-4503-9882-171834b8a74b', '35b6d8e3-ad20-4d31-8395-34ba92f2c5ac', '1d3a187c-06cf-42b8-a643-944f0a748a6f', 2025, 10, '2025-10-01', true, 'Pago Universidad', 'gasto', 100000.00, NULL, NULL, true, '2025-09-10 18:55:15.974574', '2025-09-10 18:55:15.974574');
INSERT INTO public.projected_occurrences VALUES ('e1749293-c738-4194-b67f-b102bed5da01', '35b6d8e3-ad20-4d31-8395-34ba92f2c5ac', 'c3753b14-4f97-410c-ab1d-1c47285c067a', 2025, 10, '2025-10-20', true, 'Seguro Auto', 'gasto', 95000.00, NULL, NULL, true, '2025-09-10 18:56:57.938707', '2025-09-10 18:56:57.938707');
INSERT INTO public.projected_occurrences VALUES ('96a8c23f-6391-495e-9eb8-759ea31dd1de', '35b6d8e3-ad20-4d31-8395-34ba92f2c5ac', 'e6d75f01-9ee8-430a-bb72-41e393e59e32', 2025, 11, '2025-11-01', false, NULL, NULL, NULL, NULL, NULL, true, '2025-09-11 00:09:15.628659', '2025-09-11 00:09:15.628659');
INSERT INTO public.projected_occurrences VALUES ('5594b8e6-7f97-403e-8808-345c4ac76aef', '35b6d8e3-ad20-4d31-8395-34ba92f2c5ac', 'c43d44f4-44f9-476f-8f72-2d0ba6b7ca7b', 2025, 11, '2025-11-01', false, NULL, NULL, NULL, NULL, NULL, true, '2025-09-11 00:09:15.633192', '2025-09-11 00:09:15.633192');
INSERT INTO public.projected_occurrences VALUES ('2ab5314c-07c1-479a-8bf9-6e32a899b7c4', '35b6d8e3-ad20-4d31-8395-34ba92f2c5ac', 'b70eca76-44d6-42bc-ae86-a95aba177fa2', 2025, 11, '2025-11-01', false, NULL, NULL, NULL, NULL, NULL, true, '2025-09-11 00:09:15.635134', '2025-09-11 00:09:15.635134');
INSERT INTO public.projected_occurrences VALUES ('2e9b90f9-e421-4731-bd0e-668eba3da990', '35b6d8e3-ad20-4d31-8395-34ba92f2c5ac', 'b79c717c-83d9-48c0-a2a9-7f695a76dbb0', 2025, 11, '2025-11-01', false, NULL, NULL, NULL, NULL, NULL, true, '2025-09-11 00:09:15.636191', '2025-09-11 00:09:15.636191');
INSERT INTO public.projected_occurrences VALUES ('b5a6e84b-98a7-4bf2-b52e-ffb72cd42e06', '35b6d8e3-ad20-4d31-8395-34ba92f2c5ac', 'c398548b-f51a-475c-ac9f-2f0414134b01', 2025, 11, '2025-11-01', false, NULL, NULL, NULL, NULL, NULL, true, '2025-09-11 00:09:15.63759', '2025-09-11 00:09:15.63759');
INSERT INTO public.projected_occurrences VALUES ('b783c45a-086a-41cb-a2f7-acd59ee8cd54', '35b6d8e3-ad20-4d31-8395-34ba92f2c5ac', '1d3a187c-06cf-42b8-a643-944f0a748a6f', 2025, 11, '2025-11-01', false, NULL, NULL, NULL, NULL, NULL, true, '2025-09-11 00:09:15.638776', '2025-09-11 00:09:15.638776');
INSERT INTO public.projected_occurrences VALUES ('afa2962d-f9c5-481d-bd5a-301f63af433a', '35b6d8e3-ad20-4d31-8395-34ba92f2c5ac', 'c3753b14-4f97-410c-ab1d-1c47285c067a', 2025, 11, '2025-11-20', false, NULL, NULL, NULL, NULL, NULL, true, '2025-09-11 00:09:15.639699', '2025-09-11 00:09:15.639699');
INSERT INTO public.projected_occurrences VALUES ('f396ee21-e3f7-4666-bbab-c15f5e6e5c3e', '35b6d8e3-ad20-4d31-8395-34ba92f2c5ac', 'c1470118-fe1e-4597-a912-59bf63ba3a81', 2025, 11, '2025-11-01', false, NULL, NULL, NULL, NULL, NULL, true, '2025-09-11 00:09:15.641428', '2025-09-11 00:09:15.641428');
INSERT INTO public.projected_occurrences VALUES ('6b0bcbbd-998c-4dae-bc2f-ceb1133016d5', '35b6d8e3-ad20-4d31-8395-34ba92f2c5ac', 'd45f3924-e493-4c28-b654-7bb0eaa3ed47', 2025, 12, '2025-12-02', false, NULL, NULL, NULL, NULL, NULL, true, '2025-09-12 10:43:28.720046', '2025-09-12 10:43:28.720046');
INSERT INTO public.projected_occurrences VALUES ('52e4c437-0a1b-45f2-9e5c-5bc0396f8da9', '35b6d8e3-ad20-4d31-8395-34ba92f2c5ac', 'e6d75f01-9ee8-430a-bb72-41e393e59e32', 2025, 12, '2025-12-01', false, NULL, NULL, NULL, NULL, NULL, true, '2025-09-12 10:43:28.728712', '2025-09-12 10:43:28.728712');
INSERT INTO public.projected_occurrences VALUES ('01b8f240-2d10-47c2-88e7-04e2d8205f0c', '35b6d8e3-ad20-4d31-8395-34ba92f2c5ac', 'c43d44f4-44f9-476f-8f72-2d0ba6b7ca7b', 2025, 12, '2025-12-01', false, NULL, NULL, NULL, NULL, NULL, true, '2025-09-12 10:43:28.733692', '2025-09-12 10:43:28.733692');
INSERT INTO public.projected_occurrences VALUES ('913ae06a-5711-4b85-866d-93015b97c671', '35b6d8e3-ad20-4d31-8395-34ba92f2c5ac', 'b70eca76-44d6-42bc-ae86-a95aba177fa2', 2025, 12, '2025-12-01', false, NULL, NULL, NULL, NULL, NULL, true, '2025-09-12 10:43:28.73763', '2025-09-12 10:43:28.73763');
INSERT INTO public.projected_occurrences VALUES ('c30f74ad-e6ad-4b46-8780-d6eb91061f2c', '35b6d8e3-ad20-4d31-8395-34ba92f2c5ac', 'b79c717c-83d9-48c0-a2a9-7f695a76dbb0', 2025, 12, '2025-12-01', false, NULL, NULL, NULL, NULL, NULL, true, '2025-09-12 10:43:28.740238', '2025-09-12 10:43:28.740238');
INSERT INTO public.projected_occurrences VALUES ('6521b77f-cef9-41e5-ae25-ae189c0b8572', '35b6d8e3-ad20-4d31-8395-34ba92f2c5ac', 'c398548b-f51a-475c-ac9f-2f0414134b01', 2025, 12, '2025-12-01', false, NULL, NULL, NULL, NULL, NULL, true, '2025-09-12 10:43:28.742042', '2025-09-12 10:43:28.742042');
INSERT INTO public.projected_occurrences VALUES ('c5caf009-2e34-442c-b3fa-bd42f2db2d22', '35b6d8e3-ad20-4d31-8395-34ba92f2c5ac', '1d3a187c-06cf-42b8-a643-944f0a748a6f', 2025, 12, '2025-12-01', false, NULL, NULL, NULL, NULL, NULL, true, '2025-09-12 10:43:28.74307', '2025-09-12 10:43:28.74307');
INSERT INTO public.projected_occurrences VALUES ('8006bbeb-0281-4edc-bd2c-7a97180ef284', '35b6d8e3-ad20-4d31-8395-34ba92f2c5ac', 'c3753b14-4f97-410c-ab1d-1c47285c067a', 2025, 12, '2025-12-20', false, NULL, NULL, NULL, NULL, NULL, true, '2025-09-12 10:43:28.744424', '2025-09-12 10:43:28.744424');
INSERT INTO public.projected_occurrences VALUES ('89a8ec0b-ab28-41c8-8b77-3946fbb5ad60', '35b6d8e3-ad20-4d31-8395-34ba92f2c5ac', 'c1470118-fe1e-4597-a912-59bf63ba3a81', 2025, 12, '2025-12-01', false, NULL, NULL, NULL, NULL, NULL, true, '2025-09-12 10:43:28.746101', '2025-09-12 10:43:28.746101');
INSERT INTO public.projected_occurrences VALUES ('ebcb6803-0b81-4569-8e89-81bea39d015b', '35b6d8e3-ad20-4d31-8395-34ba92f2c5ac', 'd45f3924-e493-4c28-b654-7bb0eaa3ed47', 2026, 12, '2026-12-02', false, NULL, NULL, NULL, NULL, NULL, true, '2025-09-12 11:24:14.84058', '2025-09-12 11:24:14.84058');
INSERT INTO public.projected_occurrences VALUES ('1d14464d-2ffd-463a-a76d-05ef80095297', '35b6d8e3-ad20-4d31-8395-34ba92f2c5ac', 'e6d75f01-9ee8-430a-bb72-41e393e59e32', 2026, 12, '2026-12-01', false, NULL, NULL, NULL, NULL, NULL, true, '2025-09-12 11:24:14.845575', '2025-09-12 11:24:14.845575');
INSERT INTO public.projected_occurrences VALUES ('334c0a8d-af0d-4caf-99d8-41635799019c', '35b6d8e3-ad20-4d31-8395-34ba92f2c5ac', 'c43d44f4-44f9-476f-8f72-2d0ba6b7ca7b', 2026, 12, '2026-12-01', false, NULL, NULL, NULL, NULL, NULL, true, '2025-09-12 11:24:14.848601', '2025-09-12 11:24:14.848601');
INSERT INTO public.projected_occurrences VALUES ('922f8dcc-4f9b-4b5f-8782-53d38b4438f9', '35b6d8e3-ad20-4d31-8395-34ba92f2c5ac', 'b70eca76-44d6-42bc-ae86-a95aba177fa2', 2026, 12, '2026-12-01', false, NULL, NULL, NULL, NULL, NULL, true, '2025-09-12 11:24:14.85227', '2025-09-12 11:24:14.85227');
INSERT INTO public.projected_occurrences VALUES ('6a89f0df-e932-40e4-93dc-649a75b26f57', '35b6d8e3-ad20-4d31-8395-34ba92f2c5ac', 'b79c717c-83d9-48c0-a2a9-7f695a76dbb0', 2026, 12, '2026-12-01', false, NULL, NULL, NULL, NULL, NULL, true, '2025-09-12 11:24:14.853515', '2025-09-12 11:24:14.853515');
INSERT INTO public.projected_occurrences VALUES ('b1c85962-58f4-4c98-a000-a0aeaa5322fd', '35b6d8e3-ad20-4d31-8395-34ba92f2c5ac', 'c398548b-f51a-475c-ac9f-2f0414134b01', 2026, 12, '2026-12-01', false, NULL, NULL, NULL, NULL, NULL, true, '2025-09-12 11:24:14.85484', '2025-09-12 11:24:14.85484');
INSERT INTO public.projected_occurrences VALUES ('b2839eed-5885-4232-ae28-c6c75e5b6cd9', '35b6d8e3-ad20-4d31-8395-34ba92f2c5ac', '1d3a187c-06cf-42b8-a643-944f0a748a6f', 2026, 12, '2026-12-01', false, NULL, NULL, NULL, NULL, NULL, true, '2025-09-12 11:24:14.856306', '2025-09-12 11:24:14.856306');
INSERT INTO public.projected_occurrences VALUES ('92e2e350-b58a-4aa9-8bcd-0da3cb921628', '35b6d8e3-ad20-4d31-8395-34ba92f2c5ac', 'c3753b14-4f97-410c-ab1d-1c47285c067a', 2026, 12, '2026-12-20', false, NULL, NULL, NULL, NULL, NULL, true, '2025-09-12 11:24:14.857364', '2025-09-12 11:24:14.857364');
INSERT INTO public.projected_occurrences VALUES ('860354be-5a31-4691-8bfe-e6305a719c98', '35b6d8e3-ad20-4d31-8395-34ba92f2c5ac', 'c1470118-fe1e-4597-a912-59bf63ba3a81', 2026, 12, '2026-12-01', false, NULL, NULL, NULL, NULL, NULL, true, '2025-09-12 11:24:14.858549', '2025-09-12 11:24:14.858549');
INSERT INTO public.projected_occurrences VALUES ('a143084c-c315-468c-a8eb-0cb44a623c7e', '35b6d8e3-ad20-4d31-8395-34ba92f2c5ac', 'd45f3924-e493-4c28-b654-7bb0eaa3ed47', 2026, 1, '2026-01-02', false, NULL, NULL, NULL, NULL, NULL, true, '2025-09-12 11:24:34.148621', '2025-09-12 11:24:34.148621');
INSERT INTO public.projected_occurrences VALUES ('48823a20-27e9-40e5-9d54-f107682e5c8d', '35b6d8e3-ad20-4d31-8395-34ba92f2c5ac', 'e6d75f01-9ee8-430a-bb72-41e393e59e32', 2026, 1, '2026-01-01', false, NULL, NULL, NULL, NULL, NULL, true, '2025-09-12 11:24:34.152657', '2025-09-12 11:24:34.152657');
INSERT INTO public.projected_occurrences VALUES ('1b6d1756-a6f8-4a59-a51f-994b6286537e', '35b6d8e3-ad20-4d31-8395-34ba92f2c5ac', 'c43d44f4-44f9-476f-8f72-2d0ba6b7ca7b', 2026, 1, '2026-01-01', false, NULL, NULL, NULL, NULL, NULL, true, '2025-09-12 11:24:34.156763', '2025-09-12 11:24:34.156763');
INSERT INTO public.projected_occurrences VALUES ('ce77f9d5-556b-4986-ba45-dee0892d47fa', '35b6d8e3-ad20-4d31-8395-34ba92f2c5ac', 'b70eca76-44d6-42bc-ae86-a95aba177fa2', 2026, 1, '2026-01-01', false, NULL, NULL, NULL, NULL, NULL, true, '2025-09-12 11:24:34.160117', '2025-09-12 11:24:34.160117');
INSERT INTO public.projected_occurrences VALUES ('e0eabc43-f6fa-4336-ae4d-848abdc29001', '35b6d8e3-ad20-4d31-8395-34ba92f2c5ac', 'b79c717c-83d9-48c0-a2a9-7f695a76dbb0', 2026, 1, '2026-01-01', false, NULL, NULL, NULL, NULL, NULL, true, '2025-09-12 11:24:34.161907', '2025-09-12 11:24:34.161907');
INSERT INTO public.projected_occurrences VALUES ('ef856133-bdcc-4b88-ba07-4fa5eccf7aab', '35b6d8e3-ad20-4d31-8395-34ba92f2c5ac', 'c398548b-f51a-475c-ac9f-2f0414134b01', 2026, 1, '2026-01-01', false, NULL, NULL, NULL, NULL, NULL, true, '2025-09-12 11:24:34.163225', '2025-09-12 11:24:34.163225');
INSERT INTO public.projected_occurrences VALUES ('a65497d8-3480-4c2d-bb68-0d1fd5bb045e', '35b6d8e3-ad20-4d31-8395-34ba92f2c5ac', '1d3a187c-06cf-42b8-a643-944f0a748a6f', 2026, 1, '2026-01-01', false, NULL, NULL, NULL, NULL, NULL, true, '2025-09-12 11:24:34.164822', '2025-09-12 11:24:34.164822');
INSERT INTO public.projected_occurrences VALUES ('7e7ea6fa-96ed-491d-a265-669d320fc3bf', '35b6d8e3-ad20-4d31-8395-34ba92f2c5ac', 'c3753b14-4f97-410c-ab1d-1c47285c067a', 2026, 1, '2026-01-20', false, NULL, NULL, NULL, NULL, NULL, true, '2025-09-12 11:24:34.165995', '2025-09-12 11:24:34.165995');
INSERT INTO public.projected_occurrences VALUES ('2b5535bb-5564-4437-b2d7-1fc5f7b02edb', '35b6d8e3-ad20-4d31-8395-34ba92f2c5ac', 'c1470118-fe1e-4597-a912-59bf63ba3a81', 2026, 1, '2026-01-01', false, NULL, NULL, NULL, NULL, NULL, true, '2025-09-12 11:24:34.167156', '2025-09-12 11:24:34.167156');
INSERT INTO public.projected_occurrences VALUES ('6f1f60ba-b065-4242-8040-715d34985ae9', '35b6d8e3-ad20-4d31-8395-34ba92f2c5ac', 'd45f3924-e493-4c28-b654-7bb0eaa3ed47', 2026, 2, '2026-02-02', false, NULL, NULL, NULL, NULL, NULL, true, '2025-09-12 11:24:36.598651', '2025-09-12 11:24:36.598651');
INSERT INTO public.projected_occurrences VALUES ('267c2462-8e91-4b97-bb78-ba4de0cf4c0f', '35b6d8e3-ad20-4d31-8395-34ba92f2c5ac', 'e6d75f01-9ee8-430a-bb72-41e393e59e32', 2026, 2, '2026-02-01', false, NULL, NULL, NULL, NULL, NULL, true, '2025-09-12 11:24:36.601161', '2025-09-12 11:24:36.601161');
INSERT INTO public.projected_occurrences VALUES ('08608579-efa8-4ef6-a99c-3c220c8923f3', '35b6d8e3-ad20-4d31-8395-34ba92f2c5ac', 'c43d44f4-44f9-476f-8f72-2d0ba6b7ca7b', 2026, 2, '2026-02-01', false, NULL, NULL, NULL, NULL, NULL, true, '2025-09-12 11:24:36.604833', '2025-09-12 11:24:36.604833');
INSERT INTO public.projected_occurrences VALUES ('160d80cc-040e-4e13-bd01-e77a4f8cddbd', '35b6d8e3-ad20-4d31-8395-34ba92f2c5ac', 'b70eca76-44d6-42bc-ae86-a95aba177fa2', 2026, 2, '2026-02-01', false, NULL, NULL, NULL, NULL, NULL, true, '2025-09-12 11:24:36.607476', '2025-09-12 11:24:36.607476');
INSERT INTO public.projected_occurrences VALUES ('1d88ad3f-8b71-4860-aeb5-9ff2d0eea93f', '35b6d8e3-ad20-4d31-8395-34ba92f2c5ac', 'b79c717c-83d9-48c0-a2a9-7f695a76dbb0', 2026, 2, '2026-02-01', false, NULL, NULL, NULL, NULL, NULL, true, '2025-09-12 11:24:36.609672', '2025-09-12 11:24:36.609672');
INSERT INTO public.projected_occurrences VALUES ('aa48bd94-3332-4d96-bdc4-30dcbffe86ef', '35b6d8e3-ad20-4d31-8395-34ba92f2c5ac', 'c398548b-f51a-475c-ac9f-2f0414134b01', 2026, 2, '2026-02-01', false, NULL, NULL, NULL, NULL, NULL, true, '2025-09-12 11:24:36.611494', '2025-09-12 11:24:36.611494');
INSERT INTO public.projected_occurrences VALUES ('9d5cd2b3-687c-4fbf-8e78-2d713efb897c', '35b6d8e3-ad20-4d31-8395-34ba92f2c5ac', '1d3a187c-06cf-42b8-a643-944f0a748a6f', 2026, 2, '2026-02-01', false, NULL, NULL, NULL, NULL, NULL, true, '2025-09-12 11:24:36.613006', '2025-09-12 11:24:36.613006');
INSERT INTO public.projected_occurrences VALUES ('5f72c16e-3dca-4bb4-9784-37be60a78a1d', '35b6d8e3-ad20-4d31-8395-34ba92f2c5ac', 'c3753b14-4f97-410c-ab1d-1c47285c067a', 2026, 2, '2026-02-20', false, NULL, NULL, NULL, NULL, NULL, true, '2025-09-12 11:24:36.614533', '2025-09-12 11:24:36.614533');
INSERT INTO public.projected_occurrences VALUES ('a3ce256b-c211-4ed6-a8d5-5a9e03779ff5', '35b6d8e3-ad20-4d31-8395-34ba92f2c5ac', 'c1470118-fe1e-4597-a912-59bf63ba3a81', 2026, 2, '2026-02-01', false, NULL, NULL, NULL, NULL, NULL, true, '2025-09-12 11:24:36.615981', '2025-09-12 11:24:36.615981');
INSERT INTO public.projected_occurrences VALUES ('7649ee65-bd94-4b0d-b6d5-4b056cc7644f', '35b6d8e3-ad20-4d31-8395-34ba92f2c5ac', 'd45f3924-e493-4c28-b654-7bb0eaa3ed47', 2026, 4, '2026-04-02', false, NULL, NULL, NULL, NULL, NULL, true, '2025-09-12 11:24:38.362501', '2025-09-12 11:24:38.362501');
INSERT INTO public.projected_occurrences VALUES ('8118bd2d-555c-4753-9c04-35aa3fff0ff8', '35b6d8e3-ad20-4d31-8395-34ba92f2c5ac', 'e6d75f01-9ee8-430a-bb72-41e393e59e32', 2026, 4, '2026-04-01', false, NULL, NULL, NULL, NULL, NULL, true, '2025-09-12 11:24:38.3644', '2025-09-12 11:24:38.3644');
INSERT INTO public.projected_occurrences VALUES ('55eed398-73ad-4d16-b680-36165a7fcdef', '35b6d8e3-ad20-4d31-8395-34ba92f2c5ac', 'c43d44f4-44f9-476f-8f72-2d0ba6b7ca7b', 2026, 4, '2026-04-01', false, NULL, NULL, NULL, NULL, NULL, true, '2025-09-12 11:24:38.369493', '2025-09-12 11:24:38.369493');
INSERT INTO public.projected_occurrences VALUES ('71f6929b-fab6-4151-bfb4-571cc8cd38a3', '35b6d8e3-ad20-4d31-8395-34ba92f2c5ac', 'b70eca76-44d6-42bc-ae86-a95aba177fa2', 2026, 4, '2026-04-01', false, NULL, NULL, NULL, NULL, NULL, true, '2025-09-12 11:24:38.372444', '2025-09-12 11:24:38.372444');
INSERT INTO public.projected_occurrences VALUES ('29fa9d4b-dffd-48f7-af9b-e977b0fce074', '35b6d8e3-ad20-4d31-8395-34ba92f2c5ac', 'b79c717c-83d9-48c0-a2a9-7f695a76dbb0', 2026, 4, '2026-04-01', false, NULL, NULL, NULL, NULL, NULL, true, '2025-09-12 11:24:38.373918', '2025-09-12 11:24:38.373918');
INSERT INTO public.projected_occurrences VALUES ('1f00ad2c-6327-40e7-b56e-2592420f666e', '35b6d8e3-ad20-4d31-8395-34ba92f2c5ac', 'c398548b-f51a-475c-ac9f-2f0414134b01', 2026, 4, '2026-04-01', false, NULL, NULL, NULL, NULL, NULL, true, '2025-09-12 11:24:38.375571', '2025-09-12 11:24:38.375571');
INSERT INTO public.projected_occurrences VALUES ('e46a3342-1f7b-4076-bf00-be1cc52a9fbd', '35b6d8e3-ad20-4d31-8395-34ba92f2c5ac', '1d3a187c-06cf-42b8-a643-944f0a748a6f', 2026, 4, '2026-04-01', false, NULL, NULL, NULL, NULL, NULL, true, '2025-09-12 11:24:38.376796', '2025-09-12 11:24:38.376796');
INSERT INTO public.projected_occurrences VALUES ('9626bf92-bdb1-4d3d-9439-d07934733373', '35b6d8e3-ad20-4d31-8395-34ba92f2c5ac', 'c3753b14-4f97-410c-ab1d-1c47285c067a', 2026, 4, '2026-04-20', false, NULL, NULL, NULL, NULL, NULL, true, '2025-09-12 11:24:38.378302', '2025-09-12 11:24:38.378302');
INSERT INTO public.projected_occurrences VALUES ('09fcac29-fcee-4ac7-9622-4bb0029f3efc', '35b6d8e3-ad20-4d31-8395-34ba92f2c5ac', 'c1470118-fe1e-4597-a912-59bf63ba3a81', 2026, 4, '2026-04-01', false, NULL, NULL, NULL, NULL, NULL, true, '2025-09-12 11:24:38.379927', '2025-09-12 11:24:38.379927');
INSERT INTO public.projected_occurrences VALUES ('10fad56b-a727-4d49-a5bb-e698ee9de19e', '35b6d8e3-ad20-4d31-8395-34ba92f2c5ac', 'd45f3924-e493-4c28-b654-7bb0eaa3ed47', 2026, 7, '2026-07-02', false, NULL, NULL, NULL, NULL, NULL, true, '2025-09-12 11:24:40.516852', '2025-09-12 11:24:40.516852');
INSERT INTO public.projected_occurrences VALUES ('8f03ecaa-77d7-43aa-ac19-d621b9d404d8', '35b6d8e3-ad20-4d31-8395-34ba92f2c5ac', 'e6d75f01-9ee8-430a-bb72-41e393e59e32', 2026, 7, '2026-07-01', false, NULL, NULL, NULL, NULL, NULL, true, '2025-09-12 11:24:40.520728', '2025-09-12 11:24:40.520728');
INSERT INTO public.projected_occurrences VALUES ('e23f2b4e-09a9-41e6-9e41-bbd5bd1294ee', '35b6d8e3-ad20-4d31-8395-34ba92f2c5ac', 'c43d44f4-44f9-476f-8f72-2d0ba6b7ca7b', 2026, 7, '2026-07-01', false, NULL, NULL, NULL, NULL, NULL, true, '2025-09-12 11:24:40.526189', '2025-09-12 11:24:40.526189');
INSERT INTO public.projected_occurrences VALUES ('3fcff20a-b28f-4eb0-bb38-0b828cd9254f', '35b6d8e3-ad20-4d31-8395-34ba92f2c5ac', 'b70eca76-44d6-42bc-ae86-a95aba177fa2', 2026, 7, '2026-07-01', false, NULL, NULL, NULL, NULL, NULL, true, '2025-09-12 11:24:40.529036', '2025-09-12 11:24:40.529036');
INSERT INTO public.projected_occurrences VALUES ('26dcdcfc-99b8-46c5-8ccf-2c7d4a4911f0', '35b6d8e3-ad20-4d31-8395-34ba92f2c5ac', 'b79c717c-83d9-48c0-a2a9-7f695a76dbb0', 2026, 7, '2026-07-01', false, NULL, NULL, NULL, NULL, NULL, true, '2025-09-12 11:24:40.53085', '2025-09-12 11:24:40.53085');
INSERT INTO public.projected_occurrences VALUES ('09d76960-726d-4783-ac25-43bccbdadd96', '35b6d8e3-ad20-4d31-8395-34ba92f2c5ac', 'c398548b-f51a-475c-ac9f-2f0414134b01', 2026, 7, '2026-07-01', false, NULL, NULL, NULL, NULL, NULL, true, '2025-09-12 11:24:40.532768', '2025-09-12 11:24:40.532768');
INSERT INTO public.projected_occurrences VALUES ('9d04090e-6520-4bb0-ab57-27995ec39221', '35b6d8e3-ad20-4d31-8395-34ba92f2c5ac', '1d3a187c-06cf-42b8-a643-944f0a748a6f', 2026, 7, '2026-07-01', false, NULL, NULL, NULL, NULL, NULL, true, '2025-09-12 11:24:40.534559', '2025-09-12 11:24:40.534559');
INSERT INTO public.projected_occurrences VALUES ('1fd28139-fe32-4da7-9431-7300980b7807', '35b6d8e3-ad20-4d31-8395-34ba92f2c5ac', 'c3753b14-4f97-410c-ab1d-1c47285c067a', 2026, 7, '2026-07-20', false, NULL, NULL, NULL, NULL, NULL, true, '2025-09-12 11:24:40.536075', '2025-09-12 11:24:40.536075');
INSERT INTO public.projected_occurrences VALUES ('6165b8e2-53fe-447f-8178-8a916007e249', '35b6d8e3-ad20-4d31-8395-34ba92f2c5ac', 'c1470118-fe1e-4597-a912-59bf63ba3a81', 2026, 7, '2026-07-01', false, NULL, NULL, NULL, NULL, NULL, true, '2025-09-12 11:24:40.537836', '2025-09-12 11:24:40.537836');
INSERT INTO public.projected_occurrences VALUES ('2290c506-38f4-4b2a-bc46-4edfd3971a7a', '35b6d8e3-ad20-4d31-8395-34ba92f2c5ac', 'd45f3924-e493-4c28-b654-7bb0eaa3ed47', 2026, 6, '2026-06-02', false, NULL, NULL, NULL, NULL, NULL, true, '2025-09-12 11:24:42.809366', '2025-09-12 11:24:42.809366');
INSERT INTO public.projected_occurrences VALUES ('db27af7b-f27f-4f2c-9f12-862c9f191a0a', '35b6d8e3-ad20-4d31-8395-34ba92f2c5ac', 'e6d75f01-9ee8-430a-bb72-41e393e59e32', 2026, 6, '2026-06-01', false, NULL, NULL, NULL, NULL, NULL, true, '2025-09-12 11:24:42.811342', '2025-09-12 11:24:42.811342');
INSERT INTO public.projected_occurrences VALUES ('cf35a7a3-1cc5-4289-bd93-60e381a6de4f', '35b6d8e3-ad20-4d31-8395-34ba92f2c5ac', 'c43d44f4-44f9-476f-8f72-2d0ba6b7ca7b', 2026, 6, '2026-06-01', false, NULL, NULL, NULL, NULL, NULL, true, '2025-09-12 11:24:42.814395', '2025-09-12 11:24:42.814395');
INSERT INTO public.projected_occurrences VALUES ('645eff7a-e872-42c9-8bd5-fc85f6d2b0eb', '35b6d8e3-ad20-4d31-8395-34ba92f2c5ac', 'b70eca76-44d6-42bc-ae86-a95aba177fa2', 2026, 6, '2026-06-01', false, NULL, NULL, NULL, NULL, NULL, true, '2025-09-12 11:24:42.816576', '2025-09-12 11:24:42.816576');
INSERT INTO public.projected_occurrences VALUES ('efc4561c-2e67-45a2-aafd-d27398df7d26', '35b6d8e3-ad20-4d31-8395-34ba92f2c5ac', 'b79c717c-83d9-48c0-a2a9-7f695a76dbb0', 2026, 6, '2026-06-01', false, NULL, NULL, NULL, NULL, NULL, true, '2025-09-12 11:24:42.817924', '2025-09-12 11:24:42.817924');
INSERT INTO public.projected_occurrences VALUES ('ee064042-d053-4c74-ba63-f0184d180f3e', '35b6d8e3-ad20-4d31-8395-34ba92f2c5ac', 'c398548b-f51a-475c-ac9f-2f0414134b01', 2026, 6, '2026-06-01', false, NULL, NULL, NULL, NULL, NULL, true, '2025-09-12 11:24:42.819152', '2025-09-12 11:24:42.819152');
INSERT INTO public.projected_occurrences VALUES ('ee5dda17-4a94-4ab9-ae88-0b4b5c68b571', '35b6d8e3-ad20-4d31-8395-34ba92f2c5ac', '1d3a187c-06cf-42b8-a643-944f0a748a6f', 2026, 6, '2026-06-01', false, NULL, NULL, NULL, NULL, NULL, true, '2025-09-12 11:24:42.820755', '2025-09-12 11:24:42.820755');
INSERT INTO public.projected_occurrences VALUES ('7c33fc37-bcca-492f-b05d-140012b00c1e', '35b6d8e3-ad20-4d31-8395-34ba92f2c5ac', 'c3753b14-4f97-410c-ab1d-1c47285c067a', 2026, 6, '2026-06-20', false, NULL, NULL, NULL, NULL, NULL, true, '2025-09-12 11:24:42.822335', '2025-09-12 11:24:42.822335');
INSERT INTO public.projected_occurrences VALUES ('a7517b71-451d-4c5b-b918-3c08ce5bfea2', '35b6d8e3-ad20-4d31-8395-34ba92f2c5ac', 'c1470118-fe1e-4597-a912-59bf63ba3a81', 2026, 6, '2026-06-01', false, NULL, NULL, NULL, NULL, NULL, true, '2025-09-12 11:24:42.82387', '2025-09-12 11:24:42.82387');
INSERT INTO public.projected_occurrences VALUES ('9dbfe5f6-f6a7-42b4-98e7-d31a6b4f32ac', '35b6d8e3-ad20-4d31-8395-34ba92f2c5ac', 'd45f3924-e493-4c28-b654-7bb0eaa3ed47', 2026, 11, '2026-11-02', false, NULL, NULL, NULL, NULL, NULL, true, '2025-09-12 11:24:44.695431', '2025-09-12 11:24:44.695431');
INSERT INTO public.projected_occurrences VALUES ('996583ef-6984-485e-af39-e359c2904234', '35b6d8e3-ad20-4d31-8395-34ba92f2c5ac', 'e6d75f01-9ee8-430a-bb72-41e393e59e32', 2026, 11, '2026-11-01', false, NULL, NULL, NULL, NULL, NULL, true, '2025-09-12 11:24:44.697112', '2025-09-12 11:24:44.697112');
INSERT INTO public.projected_occurrences VALUES ('8ec08a86-9162-4ba8-8d1f-0cdb64163929', '35b6d8e3-ad20-4d31-8395-34ba92f2c5ac', 'c43d44f4-44f9-476f-8f72-2d0ba6b7ca7b', 2026, 11, '2026-11-01', false, NULL, NULL, NULL, NULL, NULL, true, '2025-09-12 11:24:44.699478', '2025-09-12 11:24:44.699478');
INSERT INTO public.projected_occurrences VALUES ('30ca16e4-fd8b-4ae4-8929-36a8d4441383', '35b6d8e3-ad20-4d31-8395-34ba92f2c5ac', 'b70eca76-44d6-42bc-ae86-a95aba177fa2', 2026, 11, '2026-11-01', false, NULL, NULL, NULL, NULL, NULL, true, '2025-09-12 11:24:44.701269', '2025-09-12 11:24:44.701269');
INSERT INTO public.projected_occurrences VALUES ('257b3ec0-884c-45fb-9370-43d2ba217ee7', '35b6d8e3-ad20-4d31-8395-34ba92f2c5ac', 'b79c717c-83d9-48c0-a2a9-7f695a76dbb0', 2026, 11, '2026-11-01', false, NULL, NULL, NULL, NULL, NULL, true, '2025-09-12 11:24:44.702341', '2025-09-12 11:24:44.702341');
INSERT INTO public.projected_occurrences VALUES ('6c020e27-b02b-4c2b-9486-a0af34856172', '35b6d8e3-ad20-4d31-8395-34ba92f2c5ac', 'c398548b-f51a-475c-ac9f-2f0414134b01', 2026, 11, '2026-11-01', false, NULL, NULL, NULL, NULL, NULL, true, '2025-09-12 11:24:44.703505', '2025-09-12 11:24:44.703505');
INSERT INTO public.projected_occurrences VALUES ('d768294e-6a29-4bc4-9266-0bdd679478be', '35b6d8e3-ad20-4d31-8395-34ba92f2c5ac', '1d3a187c-06cf-42b8-a643-944f0a748a6f', 2026, 11, '2026-11-01', false, NULL, NULL, NULL, NULL, NULL, true, '2025-09-12 11:24:44.704405', '2025-09-12 11:24:44.704405');
INSERT INTO public.projected_occurrences VALUES ('f2f37e42-f267-4ab9-ae8b-9ab1d1b5609e', '35b6d8e3-ad20-4d31-8395-34ba92f2c5ac', 'c3753b14-4f97-410c-ab1d-1c47285c067a', 2026, 11, '2026-11-20', false, NULL, NULL, NULL, NULL, NULL, true, '2025-09-12 11:24:44.70521', '2025-09-12 11:24:44.70521');
INSERT INTO public.projected_occurrences VALUES ('0aa81d0b-9b02-4085-99a4-a313453b944e', '35b6d8e3-ad20-4d31-8395-34ba92f2c5ac', 'c1470118-fe1e-4597-a912-59bf63ba3a81', 2026, 11, '2026-11-01', false, NULL, NULL, NULL, NULL, NULL, true, '2025-09-12 11:24:44.70636', '2025-09-12 11:24:44.70636');
INSERT INTO public.projected_occurrences VALUES ('5a60f4d0-fbf1-4c48-964b-2c38d56b7b50', '35b6d8e3-ad20-4d31-8395-34ba92f2c5ac', 'd45f3924-e493-4c28-b654-7bb0eaa3ed47', 2026, 10, '2026-10-02', false, NULL, NULL, NULL, NULL, NULL, true, '2025-09-12 12:14:51.084092', '2025-09-12 12:14:51.084092');
INSERT INTO public.projected_occurrences VALUES ('2bd3a11d-247c-41b1-957f-58898675d67b', '35b6d8e3-ad20-4d31-8395-34ba92f2c5ac', 'e6d75f01-9ee8-430a-bb72-41e393e59e32', 2026, 10, '2026-10-01', false, NULL, NULL, NULL, NULL, NULL, true, '2025-09-12 12:14:51.093948', '2025-09-12 12:14:51.093948');
INSERT INTO public.projected_occurrences VALUES ('45243307-77ab-491f-9b6e-de45630e6954', '35b6d8e3-ad20-4d31-8395-34ba92f2c5ac', 'c43d44f4-44f9-476f-8f72-2d0ba6b7ca7b', 2026, 10, '2026-10-01', false, NULL, NULL, NULL, NULL, NULL, true, '2025-09-12 12:14:51.098454', '2025-09-12 12:14:51.098454');
INSERT INTO public.projected_occurrences VALUES ('d0c35d11-60be-48f9-aec1-e9f94f19f622', '35b6d8e3-ad20-4d31-8395-34ba92f2c5ac', 'b70eca76-44d6-42bc-ae86-a95aba177fa2', 2026, 10, '2026-10-01', false, NULL, NULL, NULL, NULL, NULL, true, '2025-09-12 12:14:51.102414', '2025-09-12 12:14:51.102414');
INSERT INTO public.projected_occurrences VALUES ('a4b76d79-6665-4487-952d-5e3ac26e8d3f', '35b6d8e3-ad20-4d31-8395-34ba92f2c5ac', 'b79c717c-83d9-48c0-a2a9-7f695a76dbb0', 2026, 10, '2026-10-01', false, NULL, NULL, NULL, NULL, NULL, true, '2025-09-12 12:14:51.10473', '2025-09-12 12:14:51.10473');
INSERT INTO public.projected_occurrences VALUES ('3636e5cb-1e5f-470d-a283-30820263f2ef', '35b6d8e3-ad20-4d31-8395-34ba92f2c5ac', 'c398548b-f51a-475c-ac9f-2f0414134b01', 2026, 10, '2026-10-01', false, NULL, NULL, NULL, NULL, NULL, true, '2025-09-12 12:14:51.106783', '2025-09-12 12:14:51.106783');
INSERT INTO public.projected_occurrences VALUES ('eddaae46-a95c-4990-a78b-0113615a8e20', '35b6d8e3-ad20-4d31-8395-34ba92f2c5ac', '1d3a187c-06cf-42b8-a643-944f0a748a6f', 2026, 10, '2026-10-01', false, NULL, NULL, NULL, NULL, NULL, true, '2025-09-12 12:14:51.108776', '2025-09-12 12:14:51.108776');
INSERT INTO public.projected_occurrences VALUES ('12f0803e-4126-4cea-addd-6e3c39672359', '35b6d8e3-ad20-4d31-8395-34ba92f2c5ac', 'c3753b14-4f97-410c-ab1d-1c47285c067a', 2026, 10, '2026-10-20', false, NULL, NULL, NULL, NULL, NULL, true, '2025-09-12 12:14:51.109599', '2025-09-12 12:14:51.109599');
INSERT INTO public.projected_occurrences VALUES ('e96fe354-b2f3-47b1-a3fb-1167f7fd566d', '35b6d8e3-ad20-4d31-8395-34ba92f2c5ac', 'c1470118-fe1e-4597-a912-59bf63ba3a81', 2026, 10, '2026-10-01', false, NULL, NULL, NULL, NULL, NULL, true, '2025-09-12 12:14:51.111055', '2025-09-12 12:14:51.111055');
INSERT INTO public.projected_occurrences VALUES ('e71b2bac-3e7b-49b6-b864-e41f6fda8044', '35b6d8e3-ad20-4d31-8395-34ba92f2c5ac', 'ce606d1d-b56d-4605-84b2-ecfa332886ab', 2025, 10, '2025-10-01', true, 'Transferencia Maria Jose', 'ingreso', 142745.00, NULL, NULL, true, '2025-09-13 14:52:33.354278', '2025-09-13 14:52:33.354278');
INSERT INTO public.projected_occurrences VALUES ('6515a03f-8bda-46eb-972f-b10aa54f5174', '35b6d8e3-ad20-4d31-8395-34ba92f2c5ac', 'f92a5c92-b861-46be-9b60-c85ba2217716', 2025, 11, '2025-11-01', false, NULL, NULL, NULL, NULL, NULL, true, '2025-09-13 14:52:38.497685', '2025-09-13 14:52:38.497685');
INSERT INTO public.projected_occurrences VALUES ('7e77c321-e5cb-44e2-82cf-6457c8b23811', '35b6d8e3-ad20-4d31-8395-34ba92f2c5ac', 'f92a5c92-b861-46be-9b60-c85ba2217716', 2025, 12, '2025-12-01', false, NULL, NULL, NULL, NULL, NULL, true, '2025-09-15 20:24:21.380824', '2025-09-15 20:24:21.380824');
INSERT INTO public.projected_occurrences VALUES ('4cdb8319-e2a4-433c-a422-e54ac8243fe5', '35b6d8e3-ad20-4d31-8395-34ba92f2c5ac', 'f92a5c92-b861-46be-9b60-c85ba2217716', 2026, 1, '2026-01-01', false, NULL, NULL, NULL, NULL, NULL, true, '2025-09-15 20:24:37.493811', '2025-09-15 20:24:37.493811');
INSERT INTO public.projected_occurrences VALUES ('f3c0d2b3-9c4b-48c5-9fd5-d8354499ca34', '35b6d8e3-ad20-4d31-8395-34ba92f2c5ac', 'f92a5c92-b861-46be-9b60-c85ba2217716', 2026, 10, '2026-10-01', false, NULL, NULL, NULL, NULL, NULL, true, '2025-09-15 20:25:11.259806', '2025-09-15 20:25:11.259806');
INSERT INTO public.projected_occurrences VALUES ('94bbe245-612f-489a-9dc5-7c11a698135d', '35b6d8e3-ad20-4d31-8395-34ba92f2c5ac', 'd45f3924-e493-4c28-b654-7bb0eaa3ed47', 2026, 9, '2026-09-02', false, NULL, NULL, NULL, NULL, NULL, true, '2025-09-15 20:28:37.04065', '2025-09-15 20:28:37.04065');
INSERT INTO public.projected_occurrences VALUES ('2b914a37-3718-4cca-8571-5ffc573e7305', '35b6d8e3-ad20-4d31-8395-34ba92f2c5ac', 'e6d75f01-9ee8-430a-bb72-41e393e59e32', 2026, 9, '2026-09-01', false, NULL, NULL, NULL, NULL, NULL, true, '2025-09-15 20:28:37.044932', '2025-09-15 20:28:37.044932');
INSERT INTO public.projected_occurrences VALUES ('ffea43d0-6dd7-4ffb-9b74-df636450f20d', '35b6d8e3-ad20-4d31-8395-34ba92f2c5ac', 'c43d44f4-44f9-476f-8f72-2d0ba6b7ca7b', 2026, 9, '2026-09-01', false, NULL, NULL, NULL, NULL, NULL, true, '2025-09-15 20:28:37.047897', '2025-09-15 20:28:37.047897');
INSERT INTO public.projected_occurrences VALUES ('597e7105-df35-417a-91d9-d2f9f3bb7a4e', '35b6d8e3-ad20-4d31-8395-34ba92f2c5ac', 'b70eca76-44d6-42bc-ae86-a95aba177fa2', 2026, 9, '2026-09-01', false, NULL, NULL, NULL, NULL, NULL, true, '2025-09-15 20:28:37.052042', '2025-09-15 20:28:37.052042');
INSERT INTO public.projected_occurrences VALUES ('0a84b4dd-8530-4c61-ad9c-0b2a89ccd813', '35b6d8e3-ad20-4d31-8395-34ba92f2c5ac', 'f92a5c92-b861-46be-9b60-c85ba2217716', 2026, 9, '2026-09-01', false, NULL, NULL, NULL, NULL, NULL, true, '2025-09-15 20:28:37.053682', '2025-09-15 20:28:37.053682');
INSERT INTO public.projected_occurrences VALUES ('b6a1c836-c664-41be-8ef2-5dfaa73cc5a8', '35b6d8e3-ad20-4d31-8395-34ba92f2c5ac', 'b79c717c-83d9-48c0-a2a9-7f695a76dbb0', 2026, 9, '2026-09-01', false, NULL, NULL, NULL, NULL, NULL, true, '2025-09-15 20:28:37.054792', '2025-09-15 20:28:37.054792');
INSERT INTO public.projected_occurrences VALUES ('69abc0b0-58fb-4067-a61c-f0dff678114e', '35b6d8e3-ad20-4d31-8395-34ba92f2c5ac', 'c398548b-f51a-475c-ac9f-2f0414134b01', 2026, 9, '2026-09-01', false, NULL, NULL, NULL, NULL, NULL, true, '2025-09-15 20:28:37.056347', '2025-09-15 20:28:37.056347');
INSERT INTO public.projected_occurrences VALUES ('12557fdf-fec6-44b4-8881-2898bc3c134e', '35b6d8e3-ad20-4d31-8395-34ba92f2c5ac', '1d3a187c-06cf-42b8-a643-944f0a748a6f', 2026, 9, '2026-09-01', false, NULL, NULL, NULL, NULL, NULL, true, '2025-09-15 20:28:37.058012', '2025-09-15 20:28:37.058012');
INSERT INTO public.projected_occurrences VALUES ('af60932c-fe07-42a2-a6f1-4d9889f5b6cd', '35b6d8e3-ad20-4d31-8395-34ba92f2c5ac', 'c3753b14-4f97-410c-ab1d-1c47285c067a', 2026, 9, '2026-09-20', false, NULL, NULL, NULL, NULL, NULL, true, '2025-09-15 20:28:37.059934', '2025-09-15 20:28:37.059934');
INSERT INTO public.projected_occurrences VALUES ('d11bedff-d738-4fe3-a7de-92a36a812569', '35b6d8e3-ad20-4d31-8395-34ba92f2c5ac', 'c1470118-fe1e-4597-a912-59bf63ba3a81', 2026, 9, '2026-09-01', false, NULL, NULL, NULL, NULL, NULL, true, '2025-09-15 20:28:37.061607', '2025-09-15 20:28:37.061607');
INSERT INTO public.projected_occurrences VALUES ('f5186b48-6879-4337-8eab-e63e3a7fd3c7', '35b6d8e3-ad20-4d31-8395-34ba92f2c5ac', 'f92a5c92-b861-46be-9b60-c85ba2217716', 2025, 10, '2025-10-01', true, 'Gastos Comunes', 'gasto', 705000.00, NULL, 'Gastos Comunes de Agosto y Septiembre', true, '2025-09-13 14:36:50.201242', '2025-09-17 14:29:32.391958');
INSERT INTO public.projected_occurrences VALUES ('0a2c7b3e-1728-4351-8d15-e853af603d7b', '35b6d8e3-ad20-4d31-8395-34ba92f2c5ac', 'f92a5c92-b861-46be-9b60-c85ba2217716', 2026, 12, '2026-12-01', false, NULL, NULL, NULL, NULL, NULL, true, '2025-09-17 15:22:57.581602', '2025-09-17 15:22:57.581602');
INSERT INTO public.projected_occurrences VALUES ('ed513979-f1c7-4979-b41b-695ba14f2194', '35b6d8e3-ad20-4d31-8395-34ba92f2c5ac', 'f92a5c92-b861-46be-9b60-c85ba2217716', 2026, 4, '2026-04-01', false, NULL, NULL, NULL, NULL, NULL, true, '2025-09-17 15:24:30.713817', '2025-09-17 15:24:30.713817');
INSERT INTO public.projected_occurrences VALUES ('43243be0-b138-4107-bb37-fdd6a0eadec6', '35b6d8e3-ad20-4d31-8395-34ba92f2c5ac', 'b36c20d8-16c4-4c2d-bac9-b9b7003387cf', 2025, 10, '2025-10-03', true, 'Credito 2 - Reordenamiento', 'gasto', 658000.00, NULL, NULL, true, '2025-10-09 01:10:45.806866', '2025-10-09 01:10:45.806866');
INSERT INTO public.projected_occurrences VALUES ('2897d550-e692-4e53-bdf8-32d0b79196c8', '35b6d8e3-ad20-4d31-8395-34ba92f2c5ac', 'b36c20d8-16c4-4c2d-bac9-b9b7003387cf', 2025, 11, '2025-11-03', false, NULL, NULL, NULL, NULL, NULL, true, '2025-10-09 01:10:58.048346', '2025-10-09 01:10:58.048346');
INSERT INTO public.projected_occurrences VALUES ('31afcc52-66bf-478c-8e49-d09c889d750d', '35b6d8e3-ad20-4d31-8395-34ba92f2c5ac', 'ecba49e5-c531-4787-a390-49db7570c780', 2025, 10, '2025-10-01', true, 'Claro Celular', 'gasto', 20500.00, NULL, NULL, true, '2025-10-15 18:37:09.282933', '2025-10-15 18:37:09.282933');
INSERT INTO public.projected_occurrences VALUES ('2e87f976-ce57-4733-87d8-a87bd5e5f4fe', 'd7c5ec30-b2d6-4658-aefb-918bdaf5b70e', '986d45c1-0077-4e9a-834b-df5e730c46d0', 2025, 11, '2025-11-01', true, 'Arriendo', 'gasto', 950000.00, NULL, NULL, true, '2025-10-31 03:58:12.652578', '2025-10-31 03:58:12.652578');
INSERT INTO public.projected_occurrences VALUES ('43016906-3a52-4559-8c74-1eb929e4d122', 'd7c5ec30-b2d6-4658-aefb-918bdaf5b70e', 'de0bb907-acc4-416e-8465-b81b1fdefa31', 2025, 11, '2025-11-01', true, 'Claro celular', 'gasto', 20500.00, NULL, NULL, true, '2025-10-31 03:58:24.899619', '2025-10-31 03:58:24.899619');
INSERT INTO public.projected_occurrences VALUES ('fd0ed91c-0276-4af1-bcbc-58dc394e710f', 'd7c5ec30-b2d6-4658-aefb-918bdaf5b70e', 'cfe0a3dd-8431-4f51-9438-1d0a003aa611', 2025, 11, '2025-11-01', true, 'Credito - Reordenamiento', 'gasto', 660000.00, NULL, NULL, true, '2025-10-31 03:58:37.571591', '2025-10-31 03:58:37.571591');
INSERT INTO public.projected_occurrences VALUES ('d99f2208-10c9-42ba-9ef2-9f9505366eb8', 'd7c5ec30-b2d6-4658-aefb-918bdaf5b70e', '68fbd3b7-d29b-48ac-b404-dfb405b73d58', 2025, 11, '2025-11-01', true, 'Crédito Auto', 'gasto', 695982.00, NULL, NULL, true, '2025-10-31 03:58:48.483828', '2025-10-31 03:58:48.483828');
INSERT INTO public.projected_occurrences VALUES ('87e78597-598e-4d30-b49d-faf16a600d15', 'd7c5ec30-b2d6-4658-aefb-918bdaf5b70e', 'f2e2394b-56a4-412e-84ad-96407c25dcce', 2025, 11, '2025-11-01', true, 'Gas Lipigas', 'gasto', 70000.00, NULL, NULL, true, '2025-10-31 03:59:03.295793', '2025-10-31 03:59:03.295793');
INSERT INTO public.projected_occurrences VALUES ('d60b11da-5cc1-48f9-9dd6-aaa37babb6ef', 'd7c5ec30-b2d6-4658-aefb-918bdaf5b70e', '1b30e6d4-356b-452b-8db5-ce595b50e59a', 2025, 11, '2025-11-01', true, 'Gastos Comunes', 'gasto', 350000.00, NULL, NULL, true, '2025-10-31 03:59:15.644995', '2025-10-31 03:59:15.644995');
INSERT INTO public.projected_occurrences VALUES ('706c9447-caca-4357-843b-28b73715b1ae', 'd7c5ec30-b2d6-4658-aefb-918bdaf5b70e', '43bd10ed-aebc-4e91-904e-1a469ee826aa', 2025, 11, '2025-11-01', true, 'Internet Movistar', 'gasto', 21500.00, NULL, NULL, true, '2025-10-31 03:59:26.989511', '2025-10-31 03:59:26.989511');
INSERT INTO public.projected_occurrences VALUES ('949c99e9-beb0-4513-bb23-02dbdeafb453', 'd7c5ec30-b2d6-4658-aefb-918bdaf5b70e', '5851733c-2c6b-4407-bc2d-1be0a93b7e60', 2025, 11, '2025-11-01', true, 'Luz', 'gasto', 60000.00, NULL, NULL, true, '2025-10-31 03:59:34.978535', '2025-10-31 03:59:34.978535');
INSERT INTO public.projected_occurrences VALUES ('69f5268e-03b7-4e67-a43f-1969a4239eb5', 'd7c5ec30-b2d6-4658-aefb-918bdaf5b70e', 'e4495d8e-fab1-4be3-aad5-b4c96098f7ef', 2025, 11, '2025-11-01', true, 'Pago Universidad', 'gasto', 110000.00, NULL, NULL, true, '2025-10-31 03:59:45.141493', '2025-10-31 03:59:45.141493');
INSERT INTO public.projected_occurrences VALUES ('37b2bb79-f7da-4125-b546-9cf72e1f8cae', 'd7c5ec30-b2d6-4658-aefb-918bdaf5b70e', '55a7e8f4-7bf5-44f1-b6d1-768366a154f7', 2025, 11, '2025-11-01', true, 'Seguro Auto', 'gasto', 95000.00, NULL, NULL, true, '2025-10-31 03:59:55.212566', '2025-10-31 03:59:55.212566');
INSERT INTO public.projected_occurrences VALUES ('9123e61e-18d3-441f-83f7-c86b61d1a2fc', 'd7c5ec30-b2d6-4658-aefb-918bdaf5b70e', '69020f30-3315-4b0e-82c7-d59e03a3ac17', 2025, 11, '2025-11-01', true, 'Sueldo', 'ingreso', 4650000.00, NULL, NULL, true, '2025-10-31 04:00:11.782256', '2025-10-31 04:00:11.782256');
INSERT INTO public.projected_occurrences VALUES ('5a9ae058-4e0e-434c-8228-9b7d263f2670', 'd7c5ec30-b2d6-4658-aefb-918bdaf5b70e', '986d45c1-0077-4e9a-834b-df5e730c46d0', 2025, 12, '2025-12-01', false, NULL, NULL, NULL, NULL, NULL, true, '2025-10-31 04:33:04.785718', '2025-10-31 04:33:04.785718');
INSERT INTO public.projected_occurrences VALUES ('7643df59-605b-432c-8965-503eb5ff5dd5', 'd7c5ec30-b2d6-4658-aefb-918bdaf5b70e', 'de0bb907-acc4-416e-8465-b81b1fdefa31', 2025, 12, '2025-12-01', false, NULL, NULL, NULL, NULL, NULL, true, '2025-10-31 04:33:04.788199', '2025-10-31 04:33:04.788199');
INSERT INTO public.projected_occurrences VALUES ('12026e30-f929-4a1f-8ed5-ffd8c3e561c5', 'd7c5ec30-b2d6-4658-aefb-918bdaf5b70e', 'cfe0a3dd-8431-4f51-9438-1d0a003aa611', 2025, 12, '2025-12-01', false, NULL, NULL, NULL, NULL, NULL, true, '2025-10-31 04:33:04.789194', '2025-10-31 04:33:04.789194');
INSERT INTO public.projected_occurrences VALUES ('1992623a-ccc6-433f-a746-4def693cff73', 'd7c5ec30-b2d6-4658-aefb-918bdaf5b70e', '68fbd3b7-d29b-48ac-b404-dfb405b73d58', 2025, 12, '2025-12-01', false, NULL, NULL, NULL, NULL, NULL, true, '2025-10-31 04:33:04.790134', '2025-10-31 04:33:04.790134');
INSERT INTO public.projected_occurrences VALUES ('447828d9-2601-44fb-aea7-ad09ca056cce', 'd7c5ec30-b2d6-4658-aefb-918bdaf5b70e', 'f2e2394b-56a4-412e-84ad-96407c25dcce', 2025, 12, '2025-12-01', false, NULL, NULL, NULL, NULL, NULL, true, '2025-10-31 04:33:04.791124', '2025-10-31 04:33:04.791124');
INSERT INTO public.projected_occurrences VALUES ('914a8f8c-8681-4460-ad80-4790c9af3607', 'd7c5ec30-b2d6-4658-aefb-918bdaf5b70e', '1b30e6d4-356b-452b-8db5-ce595b50e59a', 2025, 12, '2025-12-01', false, NULL, NULL, NULL, NULL, NULL, true, '2025-10-31 04:33:04.792212', '2025-10-31 04:33:04.792212');
INSERT INTO public.projected_occurrences VALUES ('466017ce-2ecb-47cf-8c87-a6668c1b8d7e', 'd7c5ec30-b2d6-4658-aefb-918bdaf5b70e', '43bd10ed-aebc-4e91-904e-1a469ee826aa', 2025, 12, '2025-12-01', false, NULL, NULL, NULL, NULL, NULL, true, '2025-10-31 04:33:04.793447', '2025-10-31 04:33:04.793447');
INSERT INTO public.projected_occurrences VALUES ('8c222a09-5396-49a8-8af7-8baa0c15b6ff', 'd7c5ec30-b2d6-4658-aefb-918bdaf5b70e', '5851733c-2c6b-4407-bc2d-1be0a93b7e60', 2025, 12, '2025-12-01', false, NULL, NULL, NULL, NULL, NULL, true, '2025-10-31 04:33:04.79432', '2025-10-31 04:33:04.79432');
INSERT INTO public.projected_occurrences VALUES ('bd04175c-74a8-4ca8-834e-15fc5c83ca05', 'd7c5ec30-b2d6-4658-aefb-918bdaf5b70e', 'e4495d8e-fab1-4be3-aad5-b4c96098f7ef', 2025, 12, '2025-12-01', false, NULL, NULL, NULL, NULL, NULL, true, '2025-10-31 04:33:04.795181', '2025-10-31 04:33:04.795181');
INSERT INTO public.projected_occurrences VALUES ('d2674a0f-3d19-49b1-aab3-42a8d1e6bef3', 'd7c5ec30-b2d6-4658-aefb-918bdaf5b70e', '55a7e8f4-7bf5-44f1-b6d1-768366a154f7', 2025, 12, '2025-12-01', false, NULL, NULL, NULL, NULL, NULL, true, '2025-10-31 04:33:04.796005', '2025-10-31 04:33:04.796005');
INSERT INTO public.projected_occurrences VALUES ('a59f36be-16ad-4a6a-a45d-2a08a96f6609', 'd7c5ec30-b2d6-4658-aefb-918bdaf5b70e', '69020f30-3315-4b0e-82c7-d59e03a3ac17', 2025, 12, '2025-12-01', false, NULL, NULL, NULL, NULL, NULL, true, '2025-10-31 04:33:04.79692', '2025-10-31 04:33:04.79692');
INSERT INTO public.projected_occurrences VALUES ('3b6d4414-e4c4-46a4-a4e8-e0759b05408d', 'd7c5ec30-b2d6-4658-aefb-918bdaf5b70e', '986d45c1-0077-4e9a-834b-df5e730c46d0', 2026, 1, '2026-01-01', false, NULL, NULL, NULL, NULL, NULL, true, '2025-12-01 03:50:09.315722', '2025-12-01 03:50:09.315722');
INSERT INTO public.projected_occurrences VALUES ('cd6d1dd2-ed76-408a-afc1-da7c71c804c6', 'd7c5ec30-b2d6-4658-aefb-918bdaf5b70e', 'de0bb907-acc4-416e-8465-b81b1fdefa31', 2026, 1, '2026-01-01', false, NULL, NULL, NULL, NULL, NULL, true, '2025-12-01 03:50:09.319379', '2025-12-01 03:50:09.319379');
INSERT INTO public.projected_occurrences VALUES ('99d1bd3b-bacd-46ca-9e7e-70b49ca3a62f', 'd7c5ec30-b2d6-4658-aefb-918bdaf5b70e', 'cfe0a3dd-8431-4f51-9438-1d0a003aa611', 2026, 1, '2026-01-01', false, NULL, NULL, NULL, NULL, NULL, true, '2025-12-01 03:50:09.321301', '2025-12-01 03:50:09.321301');
INSERT INTO public.projected_occurrences VALUES ('bb2d6aae-d3f3-4cc6-a4dd-795502a2bbac', 'd7c5ec30-b2d6-4658-aefb-918bdaf5b70e', '68fbd3b7-d29b-48ac-b404-dfb405b73d58', 2026, 1, '2026-01-01', false, NULL, NULL, NULL, NULL, NULL, true, '2025-12-01 03:50:09.322908', '2025-12-01 03:50:09.322908');
INSERT INTO public.projected_occurrences VALUES ('fcad9b32-65bc-4c68-8452-9b2805457aba', 'd7c5ec30-b2d6-4658-aefb-918bdaf5b70e', 'f2e2394b-56a4-412e-84ad-96407c25dcce', 2026, 1, '2026-01-01', false, NULL, NULL, NULL, NULL, NULL, true, '2025-12-01 03:50:09.324435', '2025-12-01 03:50:09.324435');
INSERT INTO public.projected_occurrences VALUES ('c08fe4ed-b0d3-474c-b4eb-f4d3be0fed6a', 'd7c5ec30-b2d6-4658-aefb-918bdaf5b70e', '1b30e6d4-356b-452b-8db5-ce595b50e59a', 2026, 1, '2026-01-01', false, NULL, NULL, NULL, NULL, NULL, true, '2025-12-01 03:50:09.325788', '2025-12-01 03:50:09.325788');
INSERT INTO public.projected_occurrences VALUES ('f909a7a5-c4f8-40a8-9767-0e16ca4b4167', 'd7c5ec30-b2d6-4658-aefb-918bdaf5b70e', '43bd10ed-aebc-4e91-904e-1a469ee826aa', 2026, 1, '2026-01-01', false, NULL, NULL, NULL, NULL, NULL, true, '2025-12-01 03:50:09.327203', '2025-12-01 03:50:09.327203');
INSERT INTO public.projected_occurrences VALUES ('d864365e-1b0d-469f-ab04-ca7c83698482', 'd7c5ec30-b2d6-4658-aefb-918bdaf5b70e', '5851733c-2c6b-4407-bc2d-1be0a93b7e60', 2026, 1, '2026-01-01', false, NULL, NULL, NULL, NULL, NULL, true, '2025-12-01 03:50:09.328336', '2025-12-01 03:50:09.328336');
INSERT INTO public.projected_occurrences VALUES ('cd08c560-7bc6-476c-87fe-5905659e7d9f', 'd7c5ec30-b2d6-4658-aefb-918bdaf5b70e', 'e4495d8e-fab1-4be3-aad5-b4c96098f7ef', 2026, 1, '2026-01-01', false, NULL, NULL, NULL, NULL, NULL, true, '2025-12-01 03:50:09.329747', '2025-12-01 03:50:09.329747');
INSERT INTO public.projected_occurrences VALUES ('9bf78c68-f570-4829-97bc-7e35e4b5f023', 'd7c5ec30-b2d6-4658-aefb-918bdaf5b70e', '55a7e8f4-7bf5-44f1-b6d1-768366a154f7', 2026, 1, '2026-01-01', false, NULL, NULL, NULL, NULL, NULL, true, '2025-12-01 03:50:09.331152', '2025-12-01 03:50:09.331152');
INSERT INTO public.projected_occurrences VALUES ('ecf0cf40-b58f-4249-ad0d-761ea1261dee', 'd7c5ec30-b2d6-4658-aefb-918bdaf5b70e', '69020f30-3315-4b0e-82c7-d59e03a3ac17', 2026, 1, '2026-01-01', false, NULL, NULL, NULL, NULL, NULL, true, '2025-12-01 03:50:09.33256', '2025-12-01 03:50:09.33256');


--
-- Data for Name: transactions; Type: TABLE DATA; Schema: public; Owner: postgres
--

INSERT INTO public.transactions VALUES ('47e0107a-9862-4d1e-a722-f8c5144fceeb', 'd7c5ec30-b2d6-4658-aefb-918bdaf5b70e', '2025-12-05', 'VINA DEL MAR VALPARAISO CHL', 2190.00, 'Sin categorizar', 'gasto', '2025-12-06 01:27:40.261306+00', '2025-12-09 02:29:16.461598+00', 'd46a3724-543b-46f2-9b50-83a61ec9d0cb', 77, 1, 2026, 1, '{"from": "Banco de Chile <enviodigital@bancochile.cl>", "hora": "21:55", "banco": "banco_chile", "source": "email_sync", "snippet": "Rodrigo Andres Pizarro Leeson: Te informamos que se ha realizado una compra por $2.190 con Tarjeta de Crédito ****3076 en VINA DEL MAR VALPARAISO CHL el 05/12/2025 21:55. Revisa Saldos y Movimientos en", "subject": "Compra con Tarjeta de Crédito", "email_id": "19af127e879be72d", "parsed_at": "2025-12-06T01:27:40.265Z", "tipo_tarjeta": "mastercard", "tipo_transaccion": "compra_tc", "tarjeta_ultimos_4": "3076"}');
INSERT INTO public.transactions VALUES ('a1a760e7-b83d-4654-9449-31d91215c552', 'd7c5ec30-b2d6-4658-aefb-918bdaf5b70e', '2025-12-03', 'COPEC APP SANTIAGO CHL', 4500.00, 'Sin categorizar', 'gasto', '2025-12-04 01:35:17.363855+00', '2025-12-09 02:30:32.834127+00', 'a6fcb3b3-9776-4d3c-9861-cd13bd32afc3', 70, 1, 2026, 1, '{"from": "Banco de Chile <enviodigital@bancochile.cl>", "hora": "18:12", "banco": "banco_chile", "source": "email_sync", "snippet": "Rodrigo Andres Pizarro Leeson: Te informamos que se ha realizado una compra por $4.500 con Tarjeta de Crédito ****3076 en COPEC APP SANTIAGO CHL el 03/12/2025 18:12. Revisa Saldos y Movimientos en App", "subject": "Compra con Tarjeta de Crédito", "email_id": "19ae60f9933205bc", "parsed_at": "2025-12-04T01:35:17.372Z", "tipo_tarjeta": "mastercard", "tipo_transaccion": "compra_tc", "tarjeta_ultimos_4": "3076"}');
INSERT INTO public.transactions VALUES ('e5452280-3e86-4b5a-8b39-fb7eb8a1d964', 'd7c5ec30-b2d6-4658-aefb-918bdaf5b70e', '2025-10-26', 'FARM. AHUMADA SPA L703 COMPRAS', 39788.00, NULL, 'gasto', '2025-10-31 04:46:11.808603+00', '2025-11-30 22:28:30.496257+00', '6ed8132e-a1c2-4064-8239-5bd1eecb96a1', NULL, 1, 2025, 12, NULL);
INSERT INTO public.transactions VALUES ('31b4b02b-d08c-4245-8331-8d96f4c5a79d', 'd7c5ec30-b2d6-4658-aefb-918bdaf5b70e', '2025-10-25', 'MUSEO DEL INMIGRANTE COMPRAS', 20000.00, NULL, 'gasto', '2025-10-31 04:46:11.836843+00', '2025-11-30 22:28:30.496257+00', '6ed8132e-a1c2-4064-8239-5bd1eecb96a1', NULL, 1, 2025, 12, NULL);
INSERT INTO public.transactions VALUES ('c102bf43-4f86-49b4-8d64-8808b8a123db', 'd7c5ec30-b2d6-4658-aefb-918bdaf5b70e', '2025-10-30', 'VARSOVIENNE ISIDORA    SANTIAGO      CHL', 5592.00, NULL, 'gasto', '2025-10-31 04:46:11.738653+00', '2025-11-30 22:28:30.496257+00', '6ed8132e-a1c2-4064-8239-5bd1eecb96a1', 12, 1, 2025, 12, NULL);
INSERT INTO public.transactions VALUES ('de592f4e-6c04-41c0-b474-0ed59b125e3d', 'd7c5ec30-b2d6-4658-aefb-918bdaf5b70e', '2025-10-30', 'EL TOLDO AZUL          SANTIAGO      CHL', 3500.00, NULL, 'gasto', '2025-10-31 04:46:11.733357+00', '2025-11-30 22:28:30.496257+00', '6ed8132e-a1c2-4064-8239-5bd1eecb96a1', 12, 1, 2025, 12, NULL);
INSERT INTO public.transactions VALUES ('4e2c1326-1290-4dbb-83cf-12039328200d', 'd7c5ec30-b2d6-4658-aefb-918bdaf5b70e', '2025-11-25', 'UBER RIDES COMPRAS', 2294.00, NULL, 'gasto', '2025-12-01 03:52:58.5634+00', '2025-12-02 01:02:41.742886+00', '953c91b5-d987-4601-8320-d00ce80021e8', 70, 1, 2026, 1, NULL);
INSERT INTO public.transactions VALUES ('eca32bce-c801-4f5c-88c7-4785eef7fad9', 'd7c5ec30-b2d6-4658-aefb-918bdaf5b70e', '2025-10-24', 'INVERSIONES Y COMERC COMPRAS', 70070.00, NULL, 'gasto', '2025-10-31 04:46:11.854241+00', '2025-11-30 22:28:30.496257+00', '6ed8132e-a1c2-4064-8239-5bd1eecb96a1', NULL, 1, 2025, 12, NULL);
INSERT INTO public.transactions VALUES ('ebb9a403-8e74-4084-b56b-f34c44821f15', 'd7c5ec30-b2d6-4658-aefb-918bdaf5b70e', '2025-11-25', 'BAHIA MASCOTA COM LTDA COMPRAS', 43180.00, NULL, 'gasto', '2025-12-01 03:52:58.550541+00', '2025-12-02 03:17:33.623273+00', '953c91b5-d987-4601-8320-d00ce80021e8', 74, 1, 2026, 1, NULL);
INSERT INTO public.transactions VALUES ('eaaa5c7e-e61b-4640-9034-f36aff7c4463', 'd7c5ec30-b2d6-4658-aefb-918bdaf5b70e', '2025-11-25', 'BAHIA MASCOTA COM LTDA COMPRAS', 18900.00, NULL, 'gasto', '2025-12-01 03:52:58.548202+00', '2025-12-02 03:17:36.727658+00', '953c91b5-d987-4601-8320-d00ce80021e8', 74, 1, 2026, 1, NULL);
INSERT INTO public.transactions VALUES ('c8a08e26-07f0-4b06-8711-606e67df7798', 'd7c5ec30-b2d6-4658-aefb-918bdaf5b70e', '2025-11-21', 'PLAYA LICORES Y ROCK COMPRAS', 2200.00, NULL, 'gasto', '2025-12-01 03:52:58.611052+00', '2025-12-02 01:05:24.082252+00', '953c91b5-d987-4601-8320-d00ce80021e8', 71, 1, 2026, 1, NULL);
INSERT INTO public.transactions VALUES ('e09e5f65-8ab4-4a06-86a7-43a5342da29a', 'd7c5ec30-b2d6-4658-aefb-918bdaf5b70e', '2025-12-08', 'MERCADOPAGO *KOMBISTO Las Condes CHL', 2690.00, 'Sin categorizar', 'gasto', '2025-12-09 03:24:18.579824+00', '2025-12-09 03:24:18.579824+00', 'a95ea527-a78a-4811-b1e1-f9aed9bbebcf', NULL, 1, 2026, 1, '{"from": "Banco de Chile <enviodigital@bancochile.cl>", "hora": "20:32", "banco": "banco_chile", "source": "email_sync", "snippet": "Rodrigo Andres Pizarro Leeson: Te informamos que se ha realizado una compra por $2.690 con Tarjeta de Crédito ****3076 en MERCADOPAGO *KOMBISTO Las Condes CHL el 08/12/2025 20:32. Revisa Saldos y", "subject": "Compra con Tarjeta de Crédito", "email_id": "19b004f474c26c8b", "parsed_at": "2025-12-09T03:24:18.585Z", "tipo_tarjeta": "mastercard", "tipo_transaccion": "compra_tc", "tarjeta_ultimos_4": "3076"}');
INSERT INTO public.transactions VALUES ('c0f0f526-8ca8-4d1a-91cd-77310654d075', 'd7c5ec30-b2d6-4658-aefb-918bdaf5b70e', '2025-12-08', 'BAKERY LYNCH VALPARAISO CHL', 9000.00, 'Sin categorizar', 'gasto', '2025-12-09 03:24:18.579824+00', '2025-12-09 03:24:18.579824+00', '74ce27f2-9fd7-4bcd-afa4-133322658fb3', NULL, 1, 2026, 1, '{"from": "Banco de Chile <enviodigital@bancochile.cl>", "hora": "18:37", "banco": "banco_chile", "source": "email_sync", "snippet": "Rodrigo Andres Pizarro Leeson: Te informamos que se ha realizado una compra por $9.000 con Tarjeta de Crédito ****3076 en BAKERY LYNCH VALPARAISO CHL el 08/12/2025 18:37. Revisa Saldos y Movimientos en", "subject": "Compra con Tarjeta de Crédito", "email_id": "19affe669f2f4f8b", "parsed_at": "2025-12-09T03:24:18.594Z", "tipo_tarjeta": "mastercard", "tipo_transaccion": "compra_tc", "tarjeta_ultimos_4": "3076"}');
INSERT INTO public.transactions VALUES ('23177c04-6058-4db9-b4c4-8b4a95509cd9', 'd7c5ec30-b2d6-4658-aefb-918bdaf5b70e', '2025-11-25', 'APP COPEC BIP] COMPRAS', 1740.00, NULL, 'gasto', '2025-12-01 03:52:58.560849+00', '2025-12-02 01:02:43.871744+00', '953c91b5-d987-4601-8320-d00ce80021e8', 70, 1, 2026, 1, NULL);
INSERT INTO public.transactions VALUES ('54eb8deb-3b63-476b-af20-6cf216506794', 'd7c5ec30-b2d6-4658-aefb-918bdaf5b70e', '2025-11-25', 'NUEVA ISIDORA COMPRAS', 11293.00, NULL, 'gasto', '2025-12-01 03:52:58.557657+00', '2025-12-02 01:02:57.617652+00', '953c91b5-d987-4601-8320-d00ce80021e8', 11, 1, 2026, 1, NULL);
INSERT INTO public.transactions VALUES ('8341706a-1854-4f72-aa69-11996fa1eff7', 'd7c5ec30-b2d6-4658-aefb-918bdaf5b70e', '2025-11-25', 'PASAJEBUS COMPRAS', 40000.00, NULL, 'gasto', '2025-12-01 03:52:58.555297+00', '2025-12-02 01:03:00.687906+00', '953c91b5-d987-4601-8320-d00ce80021e8', 70, 1, 2026, 1, NULL);
INSERT INTO public.transactions VALUES ('a18ee9b3-c20d-45f3-9d54-ce2b05e1479f', 'd7c5ec30-b2d6-4658-aefb-918bdaf5b70e', '2025-11-25', 'PRACTICATEST CHILE SPA COMPRAS', 9000.00, NULL, 'gasto', '2025-12-01 03:52:58.552848+00', '2025-12-02 01:03:11.007974+00', '953c91b5-d987-4601-8320-d00ce80021e8', 11, 1, 2026, 1, NULL);
INSERT INTO public.transactions VALUES ('423b519a-605c-48e6-9d08-ca5edd623fe3', 'd7c5ec30-b2d6-4658-aefb-918bdaf5b70e', '2025-11-25', 'PAYU *UBER TRIP COMPRAS', 2085.00, NULL, 'gasto', '2025-12-01 03:52:58.545441+00', '2025-12-02 01:03:25.969874+00', '953c91b5-d987-4601-8320-d00ce80021e8', 70, 1, 2026, 1, NULL);
INSERT INTO public.transactions VALUES ('b2e74347-732e-40b7-acc5-65f23435670a', 'd7c5ec30-b2d6-4658-aefb-918bdaf5b70e', '2025-11-25', 'MP *COMERCIALCANASSPA COMPRAS', 47719.00, NULL, 'gasto', '2025-12-01 03:52:58.543092+00', '2025-12-02 01:03:35.191921+00', '953c91b5-d987-4601-8320-d00ce80021e8', 11, 1, 2026, 1, NULL);
INSERT INTO public.transactions VALUES ('81042b31-0e02-4e39-bc08-955a1e3aa1b2', 'd7c5ec30-b2d6-4658-aefb-918bdaf5b70e', '2025-11-24', 'PETROBRAS METRO PAJARI COMPRAS', 6790.00, NULL, 'gasto', '2025-12-01 03:52:58.587974+00', '2025-12-02 01:03:38.206145+00', '953c91b5-d987-4601-8320-d00ce80021e8', 70, 1, 2026, 1, NULL);
INSERT INTO public.transactions VALUES ('63775199-8a30-4c24-a9ec-981f356d7fa5', 'd7c5ec30-b2d6-4658-aefb-918bdaf5b70e', '2025-11-24', 'PLAYA LICORES Y ROCK COMPRAS', 5100.00, NULL, 'gasto', '2025-12-01 03:52:58.578904+00', '2025-12-02 01:04:10.486923+00', '953c91b5-d987-4601-8320-d00ce80021e8', 7, 1, 2026, 1, NULL);
INSERT INTO public.transactions VALUES ('07590ec8-d298-4ca0-b972-1b1951726470', 'd7c5ec30-b2d6-4658-aefb-918bdaf5b70e', '2025-11-24', 'BAKERY LYNCH COMPRAS', 7700.00, NULL, 'gasto', '2025-12-01 03:52:58.585365+00', '2025-12-02 01:03:47.663987+00', '953c91b5-d987-4601-8320-d00ce80021e8', 71, 1, 2026, 1, NULL);
INSERT INTO public.transactions VALUES ('ae1ae58d-a8f9-4270-b6bb-347791b1ed48', 'd7c5ec30-b2d6-4658-aefb-918bdaf5b70e', '2025-11-24', 'PAYU *UBER TRIP COMPRAS', 2300.00, NULL, 'gasto', '2025-12-01 03:52:58.576809+00', '2025-12-02 01:04:13.4015+00', '953c91b5-d987-4601-8320-d00ce80021e8', 70, 1, 2026, 1, NULL);
INSERT INTO public.transactions VALUES ('07d299c7-e977-486d-9717-8870223f24d8', 'd7c5ec30-b2d6-4658-aefb-918bdaf5b70e', '2025-11-24', 'MAXIK COMPRAS', 1190.00, NULL, 'gasto', '2025-12-01 03:52:58.573588+00', '2025-12-02 01:04:16.779738+00', '953c91b5-d987-4601-8320-d00ce80021e8', 70, 1, 2026, 1, NULL);
INSERT INTO public.transactions VALUES ('2f368f79-7624-4b98-b0e3-772ddc7a3020', 'd7c5ec30-b2d6-4658-aefb-918bdaf5b70e', '2025-11-24', 'PAYU *FLIXBUS COMPRAS', 4299.00, NULL, 'gasto', '2025-12-01 03:52:58.571293+00', '2025-12-02 01:04:17.617479+00', '953c91b5-d987-4601-8320-d00ce80021e8', 70, 1, 2026, 1, NULL);
INSERT INTO public.transactions VALUES ('2c2b4386-d727-4c3c-98da-6d5fea508519', 'd7c5ec30-b2d6-4658-aefb-918bdaf5b70e', '2025-11-24', 'DIST RICARDO VALDES LT COMPRAS', 66850.00, NULL, 'gasto', '2025-12-01 03:52:58.568088+00', '2025-12-02 01:04:25.345538+00', '953c91b5-d987-4601-8320-d00ce80021e8', 71, 1, 2026, 1, NULL);
INSERT INTO public.transactions VALUES ('278c4c8c-d68c-48fc-aea9-61600576f93d', 'd7c5ec30-b2d6-4658-aefb-918bdaf5b70e', '2025-11-24', 'PEDIDOSYA CL PLUS COMPRAS', 2992.00, NULL, 'gasto', '2025-12-01 03:52:58.565666+00', '2025-12-02 01:04:29.11374+00', '953c91b5-d987-4601-8320-d00ce80021e8', 72, 1, 2026, 1, NULL);
INSERT INTO public.transactions VALUES ('3db4addc-71fb-4cad-8c16-8a880a85bcea', 'd7c5ec30-b2d6-4658-aefb-918bdaf5b70e', '2025-11-23', 'AJI DEL MAR COMPRAS', 79530.00, NULL, 'gasto', '2025-12-01 03:52:58.600303+00', '2025-12-02 01:04:35.184447+00', '953c91b5-d987-4601-8320-d00ce80021e8', 72, 1, 2026, 1, NULL);
INSERT INTO public.transactions VALUES ('98ce25aa-64a5-40a3-8778-1bf0490fd13b', 'd7c5ec30-b2d6-4658-aefb-918bdaf5b70e', '2025-11-23', 'COPEC APP COMPRAS', 43386.00, NULL, 'gasto', '2025-12-01 03:52:58.598261+00', '2025-12-02 01:04:38.625635+00', '953c91b5-d987-4601-8320-d00ce80021e8', 9, 1, 2026, 1, NULL);
INSERT INTO public.transactions VALUES ('9f53d40b-5ee9-4004-b70f-552cffbe4489', 'd7c5ec30-b2d6-4658-aefb-918bdaf5b70e', '2025-11-23', 'PEDIDOSYA CL RESTAURAN COMPRAS', 47290.00, NULL, 'gasto', '2025-12-01 03:52:58.596088+00', '2025-12-02 01:04:42.537637+00', '953c91b5-d987-4601-8320-d00ce80021e8', 72, 1, 2026, 1, NULL);
INSERT INTO public.transactions VALUES ('d29626e4-0110-498f-b4a3-a6fe490c84e1', 'd7c5ec30-b2d6-4658-aefb-918bdaf5b70e', '2025-11-23', 'QUE LEO VINA DEL MAR COMPRAS', 73900.00, NULL, 'gasto', '2025-12-01 03:52:58.593883+00', '2025-12-02 01:04:53.388486+00', '953c91b5-d987-4601-8320-d00ce80021e8', 11, 1, 2026, 1, NULL);
INSERT INTO public.transactions VALUES ('a1c7ce92-f1f8-4e48-8d00-b69d809efe41', 'd7c5ec30-b2d6-4658-aefb-918bdaf5b70e', '2025-11-23', 'PLATZI PLATZI - C**LE COMPRAS', 37475.00, NULL, 'gasto', '2025-12-01 03:52:58.59134+00', '2025-12-02 01:04:59.196625+00', '953c91b5-d987-4601-8320-d00ce80021e8', 12, 1, 2026, 1, NULL);
INSERT INTO public.transactions VALUES ('730070ed-eb91-4b34-83f0-cd8911d4329e', 'd7c5ec30-b2d6-4658-aefb-918bdaf5b70e', '2025-11-22', 'LA PRIMA PASTA COMPRAS', 9400.00, NULL, 'gasto', '2025-12-01 03:52:58.602247+00', '2025-12-02 01:05:04.807073+00', '953c91b5-d987-4601-8320-d00ce80021e8', 7, 1, 2026, 1, NULL);
INSERT INTO public.transactions VALUES ('87e92922-ffcb-447d-b28c-a0e3d5c8f317', 'd7c5ec30-b2d6-4658-aefb-918bdaf5b70e', '2025-11-21', 'STA ISABEL 1 PON.VINA COMPRAS', 2700.00, NULL, 'gasto', '2025-12-01 03:52:58.61348+00', '2025-12-02 01:05:20.517653+00', '953c91b5-d987-4601-8320-d00ce80021e8', 71, 1, 2026, 1, NULL);
INSERT INTO public.transactions VALUES ('01e8b35b-5089-43f1-a9b0-f3692f835f38', 'd7c5ec30-b2d6-4658-aefb-918bdaf5b70e', '2025-11-24', 'VINA DEL MAR COMPRAS', 3940.00, NULL, 'gasto', '2025-12-01 03:52:58.580949+00', '2025-12-02 03:17:45.430282+00', '953c91b5-d987-4601-8320-d00ce80021e8', 74, 1, 2026, 1, NULL);
INSERT INTO public.transactions VALUES ('58637f7e-16dd-4f86-b01b-52b1139d51aa', 'd7c5ec30-b2d6-4658-aefb-918bdaf5b70e', '2025-11-21', 'UBER COMPRAS', 3990.00, NULL, 'gasto', '2025-12-01 03:52:58.608331+00', '2025-12-02 01:05:34.190706+00', '953c91b5-d987-4601-8320-d00ce80021e8', 72, 1, 2026, 1, NULL);
INSERT INTO public.transactions VALUES ('42d6bcf9-ab4f-4f84-8580-1109f8ded21a', 'd7c5ec30-b2d6-4658-aefb-918bdaf5b70e', '2025-11-21', 'APP COPEC BIP] COMPRAS', 1420.00, NULL, 'gasto', '2025-12-01 03:52:58.604577+00', '2025-12-02 01:05:38.18636+00', '953c91b5-d987-4601-8320-d00ce80021e8', 70, 1, 2026, 1, NULL);
INSERT INTO public.transactions VALUES ('0e3d4a41-177d-48d2-ad21-ff02b0da0a8d', 'd7c5ec30-b2d6-4658-aefb-918bdaf5b70e', '2025-11-30', 'LA FABRICA VALPARAISO CHL', 15900.00, 'Sin categorizar', 'gasto', '2025-12-01 02:19:32.382226+00', '2025-12-08 18:02:46.063927+00', 'c36e26a3-48e5-4e61-83bb-1309e573c3f5', 81, 1, 2026, 1, '{"from": "Banco de Chile <enviodigital@bancochile.cl>", "hora": "16:47", "banco": "banco_chile", "source": "email_sync", "snippet": "Rodrigo Andres Pizarro Leeson: Te informamos que se ha realizado una compra por $15.900 con Tarjeta de Crédito ****3076 en LA FABRICA VALPARAISO CHL el 30/11/2025 16:47. Revisa Saldos y Movimientos en", "subject": "Compra con Tarjeta de Crédito", "email_id": "19ad64e7207888ee", "parsed_at": "2025-12-01T02:19:32.397Z", "tipo_tarjeta": "mastercard", "tipo_transaccion": "compra_tc", "tarjeta_ultimos_4": "3076"}');
INSERT INTO public.transactions VALUES ('7a0c1d3f-07c0-42b6-9431-22c92e635bae', 'd7c5ec30-b2d6-4658-aefb-918bdaf5b70e', '2025-10-22', 'FARM. AHUMADA SPA L703 COMPRAS', 7819.00, NULL, 'gasto', '2025-10-31 04:46:11.887343+00', '2025-11-30 22:28:30.496257+00', '6ed8132e-a1c2-4064-8239-5bd1eecb96a1', NULL, 1, 2025, 12, NULL);
INSERT INTO public.transactions VALUES ('01c82142-a670-494e-8e87-d5282e0ea968', 'd7c5ec30-b2d6-4658-aefb-918bdaf5b70e', '2025-10-22', 'FARM. AHUMADA SPA L703 COMPRAS', 37178.00, NULL, 'gasto', '2025-10-31 04:46:11.889726+00', '2025-11-30 22:28:30.496257+00', '6ed8132e-a1c2-4064-8239-5bd1eecb96a1', NULL, 1, 2025, 12, NULL);
INSERT INTO public.transactions VALUES ('7ac73888-08de-4353-998c-9c5cdb5a0754', 'd7c5ec30-b2d6-4658-aefb-918bdaf5b70e', '2025-10-22', 'FARMACIAS DEL DOCTOR S COMPRAS', 15920.00, NULL, 'gasto', '2025-10-31 04:46:11.899624+00', '2025-11-30 22:28:30.496257+00', '6ed8132e-a1c2-4064-8239-5bd1eecb96a1', NULL, 1, 2025, 12, NULL);
INSERT INTO public.transactions VALUES ('5dd90dff-3411-457c-b4cb-1f13ede1d22b', 'd7c5ec30-b2d6-4658-aefb-918bdaf5b70e', '2025-10-23', 'Pago Pesos TEF PAGO NORMAL', -1557149.00, NULL, 'desestimar', '2025-10-31 04:46:11.877752+00', '2025-11-30 22:28:30.496257+00', '6ed8132e-a1c2-4064-8239-5bd1eecb96a1', NULL, 1, 2025, 12, NULL);
INSERT INTO public.transactions VALUES ('d4a9d0d4-a31d-43ba-a1c3-4d04d785310f', 'd7c5ec30-b2d6-4658-aefb-918bdaf5b70e', '2025-12-07', 'UNIMARC 4 PONIENTE VINA DEL MAR CHL', 31591.00, 'Sin categorizar', 'gasto', '2025-12-09 03:24:18.579824+00', '2025-12-09 03:24:18.579824+00', 'e5f5029a-fdf7-4f6a-af21-b4dbc0f39adb', NULL, 1, 2026, 1, '{"from": "Banco de Chile <enviodigital@bancochile.cl>", "hora": "18:09", "banco": "banco_chile", "source": "email_sync", "snippet": "Rodrigo Andres Pizarro Leeson: Te informamos que se ha realizado una compra por $31.591 con Tarjeta de Crédito ****3076 en UNIMARC 4 PONIENTE VINA DEL MAR CHL el 07/12/2025 18:09. Revisa Saldos y", "subject": "Compra con Tarjeta de Crédito", "email_id": "19afaa62a7653a82", "parsed_at": "2025-12-09T03:24:18.603Z", "tipo_tarjeta": "mastercard", "tipo_transaccion": "compra_tc", "tarjeta_ultimos_4": "3076"}');
INSERT INTO public.transactions VALUES ('de5c97a6-9a36-4764-bc2f-70ca9cbf5572', 'd7c5ec30-b2d6-4658-aefb-918bdaf5b70e', '2025-11-27', 'GOOGLE PLAY YOUTUBE COMPRAS', 14190.00, NULL, 'gasto', '2025-12-01 03:52:58.531032+00', '2025-12-02 01:00:44.615021+00', '953c91b5-d987-4601-8320-d00ce80021e8', 8, 1, 2026, 1, NULL);
INSERT INTO public.transactions VALUES ('b8503d86-4d04-42cc-a28f-88a6a4c57d5f', 'd7c5ec30-b2d6-4658-aefb-918bdaf5b70e', '2025-11-27', 'UNIMARC 4 PONIENTE COMPRAS', 8554.00, NULL, 'gasto', '2025-12-01 03:52:58.528945+00', '2025-12-02 01:00:48.166956+00', '953c91b5-d987-4601-8320-d00ce80021e8', 71, 1, 2026, 1, NULL);
INSERT INTO public.transactions VALUES ('bd07ee95-b553-443e-9829-a52fff914dcc', 'd7c5ec30-b2d6-4658-aefb-918bdaf5b70e', '2025-11-27', 'PAYU *UBER TRIP COMPRAS', 2323.00, NULL, 'gasto', '2025-12-01 03:52:58.526783+00', '2025-12-02 01:00:51.933445+00', '953c91b5-d987-4601-8320-d00ce80021e8', 70, 1, 2026, 1, NULL);
INSERT INTO public.transactions VALUES ('4d667eb8-a182-4f49-8c02-c8dfb61d060d', 'd7c5ec30-b2d6-4658-aefb-918bdaf5b70e', '2025-11-27', 'MMA ONECLICK COPEC COMPRAS', 1500.00, NULL, 'gasto', '2025-12-01 03:52:58.524457+00', '2025-12-02 01:01:00.121928+00', '953c91b5-d987-4601-8320-d00ce80021e8', 71, 1, 2026, 1, NULL);
INSERT INTO public.transactions VALUES ('56c13d1a-6378-4e1f-b333-96f26fcb353d', 'd7c5ec30-b2d6-4658-aefb-918bdaf5b70e', '2025-11-27', 'MP *CABIFY2548ENUMSWS COMPRAS', 2695.00, NULL, 'gasto', '2025-12-01 03:52:58.522063+00', '2025-12-02 01:01:03.227138+00', '953c91b5-d987-4601-8320-d00ce80021e8', 70, 1, 2026, 1, NULL);
INSERT INTO public.transactions VALUES ('05578dde-7a65-4666-8763-7224b993b759', 'd7c5ec30-b2d6-4658-aefb-918bdaf5b70e', '2025-11-27', 'PAYU   UBER TRIP      SANTIAGO      CHL', -2294.00, NULL, 'pago', '2025-12-01 03:52:58.519528+00', '2025-12-02 01:01:06.106201+00', '953c91b5-d987-4601-8320-d00ce80021e8', 70, 1, 2026, 1, NULL);
INSERT INTO public.transactions VALUES ('0e048a00-bc86-4d5c-a359-ad9e4c505a6d', 'd7c5ec30-b2d6-4658-aefb-918bdaf5b70e', '2025-11-27', 'PAYU   UBER TRIP      SANTIAGO      CHL', 2294.00, NULL, 'gasto', '2025-12-01 03:52:58.517508+00', '2025-12-02 01:01:14.544799+00', '953c91b5-d987-4601-8320-d00ce80021e8', 70, 1, 2026, 1, NULL);
INSERT INTO public.transactions VALUES ('146a4036-1a32-4c40-b98d-5e5c1f1ccf8d', 'd7c5ec30-b2d6-4658-aefb-918bdaf5b70e', '2025-11-27', 'PAYU   UBER TRIP      SANTIAGO      CHL', -2693.00, NULL, 'pago', '2025-12-01 03:52:58.515506+00', '2025-12-02 01:01:18.775711+00', '953c91b5-d987-4601-8320-d00ce80021e8', 70, 1, 2026, 1, NULL);
INSERT INTO public.transactions VALUES ('fc9967fd-932e-4351-8e96-862dd4758377', 'd7c5ec30-b2d6-4658-aefb-918bdaf5b70e', '2025-11-27', 'PAYU   UBER TRIP      SANTIAGO      CHL', 2693.00, NULL, 'gasto', '2025-12-01 03:52:58.513112+00', '2025-12-02 01:01:25.351376+00', '953c91b5-d987-4601-8320-d00ce80021e8', 70, 1, 2026, 1, NULL);
INSERT INTO public.transactions VALUES ('ea660065-9f26-4d64-b7f2-47cc3efa18b8', 'd7c5ec30-b2d6-4658-aefb-918bdaf5b70e', '2025-10-30', 'VARSOVIENNE ISIDORA    SANTIAGO      CHL', 24792.00, NULL, 'gasto', '2025-10-31 04:46:11.735943+00', '2025-11-30 22:28:30.496257+00', '6ed8132e-a1c2-4064-8239-5bd1eecb96a1', 12, 1, 2025, 12, NULL);
INSERT INTO public.transactions VALUES ('105066b7-220f-4d08-adf9-b69f1c9f25f2', 'd7c5ec30-b2d6-4658-aefb-918bdaf5b70e', '2025-10-30', 'SWAROUSKI COSTANERA CE SANTIAGO      CHL', 200000.00, NULL, 'gasto', '2025-10-31 04:46:11.713685+00', '2025-11-30 22:28:30.496257+00', '6ed8132e-a1c2-4064-8239-5bd1eecb96a1', 12, 1, 2025, 12, NULL);
INSERT INTO public.transactions VALUES ('7613eba8-ecb3-48de-a29d-a51aec68943b', 'd7c5ec30-b2d6-4658-aefb-918bdaf5b70e', '2025-10-30', 'PAYU   UBER TRIP      SANTIAGO      CHL', -2144.00, NULL, 'pago', '2025-10-31 04:46:11.727898+00', '2025-11-30 22:28:30.496257+00', '6ed8132e-a1c2-4064-8239-5bd1eecb96a1', 70, 1, 2025, 12, NULL);
INSERT INTO public.transactions VALUES ('fd7aee48-2bce-46fb-b130-748427979499', 'd7c5ec30-b2d6-4658-aefb-918bdaf5b70e', '2025-10-30', 'MAUI MARINA            VINA DEL MAR  CHL', 18990.00, NULL, 'gasto', '2025-10-31 04:46:11.725217+00', '2025-11-30 22:28:30.496257+00', '6ed8132e-a1c2-4064-8239-5bd1eecb96a1', 11, 1, 2025, 12, NULL);
INSERT INTO public.transactions VALUES ('d89b0ecd-711a-4a80-9e60-24f1dc2dea5b', 'd7c5ec30-b2d6-4658-aefb-918bdaf5b70e', '2025-10-30', 'MERCADOPAGO BIJOUCHI  Las Condes    CHL', 4990.00, NULL, 'gasto', '2025-10-31 04:46:11.722473+00', '2025-11-30 22:28:30.496257+00', '6ed8132e-a1c2-4064-8239-5bd1eecb96a1', 12, 1, 2025, 12, NULL);
INSERT INTO public.transactions VALUES ('72a3bc7f-eee0-4bff-99b8-50c424c147f5', 'd7c5ec30-b2d6-4658-aefb-918bdaf5b70e', '2025-10-30', 'PAYU   UBER TRIP      SANTIAGO      CHL', -4638.00, NULL, 'pago', '2025-10-31 04:46:11.71957+00', '2025-11-30 22:28:30.496257+00', '6ed8132e-a1c2-4064-8239-5bd1eecb96a1', 70, 1, 2025, 12, NULL);
INSERT INTO public.transactions VALUES ('ff4bd023-b19c-4f82-b2e8-f25f071af442', 'd7c5ec30-b2d6-4658-aefb-918bdaf5b70e', '2025-10-30', 'PAYU   UBER TRIP      SANTIAGO      CHL', 4867.00, NULL, 'gasto', '2025-10-31 04:46:11.71668+00', '2025-11-30 22:28:30.496257+00', '6ed8132e-a1c2-4064-8239-5bd1eecb96a1', 70, 1, 2025, 12, NULL);
INSERT INTO public.transactions VALUES ('4cb1cee7-c358-4d2a-9720-f22649710563', 'd7c5ec30-b2d6-4658-aefb-918bdaf5b70e', '2025-10-30', 'PAYU   UBER TRIP      SANTIAGO      CHL', 3064.00, NULL, 'gasto', '2025-10-31 04:46:11.710426+00', '2025-11-30 22:28:30.496257+00', '6ed8132e-a1c2-4064-8239-5bd1eecb96a1', 70, 1, 2025, 12, NULL);
INSERT INTO public.transactions VALUES ('153afeb7-83d4-42ff-8b6c-91a8527cf411', 'd7c5ec30-b2d6-4658-aefb-918bdaf5b70e', '2025-10-30', 'DEPORTES SPARTA SPA    SANTIAGO      CHL', 219983.00, NULL, 'gasto', '2025-10-31 04:46:11.706641+00', '2025-11-30 22:28:30.496257+00', '6ed8132e-a1c2-4064-8239-5bd1eecb96a1', 11, 1, 2025, 12, NULL);
INSERT INTO public.transactions VALUES ('26494e9f-ce3a-4806-bdc1-b4558101afa9', 'd7c5ec30-b2d6-4658-aefb-918bdaf5b70e', '2025-10-30', 'PARIS VINA DEL MAR     VINA DEL MAR  CHL', 53470.00, NULL, 'gasto', '2025-10-31 04:46:11.702912+00', '2025-11-30 22:28:30.496257+00', '6ed8132e-a1c2-4064-8239-5bd1eecb96a1', 11, 1, 2025, 12, NULL);
INSERT INTO public.transactions VALUES ('fe5883e7-af54-4e56-867a-03a2ff3fba6c', 'd7c5ec30-b2d6-4658-aefb-918bdaf5b70e', '2025-10-30', 'PAYU   UBER TRIP      SANTIAGO      CHL', 2162.00, NULL, 'gasto', '2025-10-31 04:46:11.693282+00', '2025-11-30 22:28:30.496257+00', '6ed8132e-a1c2-4064-8239-5bd1eecb96a1', 70, 1, 2025, 12, NULL);
INSERT INTO public.transactions VALUES ('bea8ec58-95ac-41b9-946e-82e4a062d082', 'd7c5ec30-b2d6-4658-aefb-918bdaf5b70e', '2025-10-29', 'MP *CABIFY2544FKGRCJN COMPRAS', 2695.00, NULL, 'gasto', '2025-10-31 04:46:11.767452+00', '2025-11-30 22:28:30.496257+00', '6ed8132e-a1c2-4064-8239-5bd1eecb96a1', 70, 1, 2025, 12, NULL);
INSERT INTO public.transactions VALUES ('82fc9370-69a3-4dda-9dbc-971717ba957e', 'd7c5ec30-b2d6-4658-aefb-918bdaf5b70e', '2025-10-29', 'APP COPEC BIP!         SANTIAGO      CHL', 1740.00, NULL, 'gasto', '2025-10-31 04:46:11.764525+00', '2025-11-30 22:28:30.496257+00', '6ed8132e-a1c2-4064-8239-5bd1eecb96a1', 70, 1, 2025, 12, NULL);
INSERT INTO public.transactions VALUES ('d94be27c-33ce-4c6a-9b8c-54d9605e62a3', 'd7c5ec30-b2d6-4658-aefb-918bdaf5b70e', '2025-10-29', 'JUMBO J875 VINA DEL MA VINA DEL MAR  CHL', 4080.00, NULL, 'gasto', '2025-10-31 04:46:11.761044+00', '2025-11-30 22:28:30.496257+00', '6ed8132e-a1c2-4064-8239-5bd1eecb96a1', 71, 1, 2025, 12, NULL);
INSERT INTO public.transactions VALUES ('7a160b1a-0f2e-43e4-ab04-293caabdce25', 'd7c5ec30-b2d6-4658-aefb-918bdaf5b70e', '2025-10-28', 'MERCADOPAGO *BAKERYSP COMPRAS', 3990.00, NULL, 'gasto', '2025-10-31 04:46:11.789976+00', '2025-11-30 22:28:30.496257+00', '6ed8132e-a1c2-4064-8239-5bd1eecb96a1', 7, 1, 2025, 12, NULL);
INSERT INTO public.transactions VALUES ('f7e68ddd-f305-4fb8-a1b1-c68708310247', 'd7c5ec30-b2d6-4658-aefb-918bdaf5b70e', '2025-10-28', 'DL *HELP.HBOMAX.CO COMPRAS', 14990.00, NULL, 'gasto', '2025-10-31 04:46:11.784704+00', '2025-11-30 22:28:30.496257+00', '6ed8132e-a1c2-4064-8239-5bd1eecb96a1', 8, 1, 2025, 12, NULL);
INSERT INTO public.transactions VALUES ('9e312e86-1527-45a6-884d-64e5b6fe1375', 'd7c5ec30-b2d6-4658-aefb-918bdaf5b70e', '2025-10-28', 'PEDIDOSYA CL COMPRAS', 17620.00, NULL, 'gasto', '2025-10-31 04:46:11.78743+00', '2025-11-30 22:28:30.496257+00', '6ed8132e-a1c2-4064-8239-5bd1eecb96a1', 72, 1, 2025, 12, NULL);
INSERT INTO public.transactions VALUES ('0d986797-6573-4482-9100-d08e39fedfb6', 'd7c5ec30-b2d6-4658-aefb-918bdaf5b70e', '2025-10-28', 'PAYU *UBER TRIP COMPRAS', 2156.00, NULL, 'gasto', '2025-10-31 04:46:11.77908+00', '2025-11-30 22:28:30.496257+00', '6ed8132e-a1c2-4064-8239-5bd1eecb96a1', 70, 1, 2025, 12, NULL);
INSERT INTO public.transactions VALUES ('12280735-b037-47e8-bc76-4c689f5dfa2e', 'd7c5ec30-b2d6-4658-aefb-918bdaf5b70e', '2025-10-28', 'PAYU *UBER TRIP COMPRAS', 1983.00, NULL, 'gasto', '2025-10-31 04:46:11.781811+00', '2025-11-30 22:28:30.496257+00', '6ed8132e-a1c2-4064-8239-5bd1eecb96a1', 70, 1, 2025, 12, NULL);
INSERT INTO public.transactions VALUES ('7fcc7701-193e-46bd-9827-79aa12a6984c', 'd7c5ec30-b2d6-4658-aefb-918bdaf5b70e', '2025-10-28', 'PAYU *FLIXBUS COMPRAS', 3599.00, NULL, 'gasto', '2025-10-31 04:46:11.775982+00', '2025-11-30 22:28:30.496257+00', '6ed8132e-a1c2-4064-8239-5bd1eecb96a1', 71, 1, 2025, 12, NULL);
INSERT INTO public.transactions VALUES ('01e28b4e-f897-44c9-b486-efd14d951e7e', 'd7c5ec30-b2d6-4658-aefb-918bdaf5b70e', '2025-10-28', 'COPEC APP COMPRAS', 1000.00, NULL, 'gasto', '2025-10-31 04:46:11.773516+00', '2025-11-30 22:28:30.496257+00', '6ed8132e-a1c2-4064-8239-5bd1eecb96a1', 70, 1, 2025, 12, NULL);
INSERT INTO public.transactions VALUES ('afa5e131-132e-4a49-b077-b511429d141a', 'd7c5ec30-b2d6-4658-aefb-918bdaf5b70e', '2025-10-28', 'APP COPEC BIP] COMPRAS', 1740.00, NULL, 'gasto', '2025-10-31 04:46:11.770843+00', '2025-11-30 22:28:30.496257+00', '6ed8132e-a1c2-4064-8239-5bd1eecb96a1', 70, 1, 2025, 12, NULL);
INSERT INTO public.transactions VALUES ('7b3592cd-b852-464a-a5e5-499fbaf366f5', 'd7c5ec30-b2d6-4658-aefb-918bdaf5b70e', '2025-10-27', 'PEDIDOSYA CL PLUS CRED.COMPRAS', -50.00, NULL, 'pago', '2025-10-31 04:46:11.80499+00', '2025-11-30 22:28:30.496257+00', '6ed8132e-a1c2-4064-8239-5bd1eecb96a1', 72, 1, 2025, 12, NULL);
INSERT INTO public.transactions VALUES ('8948b98c-6118-4628-b7ea-4c6f8d0291ff', 'd7c5ec30-b2d6-4658-aefb-918bdaf5b70e', '2025-11-03', 'JUMBO VINA DEL MAR COMPRAS', 76749.00, NULL, 'gasto', '2025-11-06 21:30:42.027578+00', '2025-11-30 22:28:30.496257+00', 'b11b5575-e510-4f9b-9019-7d9140cad19f', NULL, 1, 2025, 12, NULL);
INSERT INTO public.transactions VALUES ('e2185c69-3eed-4f35-b906-f857d774e061', 'd7c5ec30-b2d6-4658-aefb-918bdaf5b70e', '2025-11-03', 'HIPER 978 LIMACHE COMPRAS', 109980.00, NULL, 'gasto', '2025-11-06 21:30:42.030579+00', '2025-11-30 22:28:30.496257+00', 'b11b5575-e510-4f9b-9019-7d9140cad19f', NULL, 1, 2025, 12, NULL);
INSERT INTO public.transactions VALUES ('ffedab45-b148-495d-8fc0-f3c03afc92b2', 'd7c5ec30-b2d6-4658-aefb-918bdaf5b70e', '2025-11-27', 'MC DONALDS LIDER VINA COMPRAS', 1200.00, NULL, 'gasto', '2025-12-01 03:52:58.510783+00', '2025-12-02 01:01:39.139064+00', '953c91b5-d987-4601-8320-d00ce80021e8', 7, 1, 2026, 1, NULL);
INSERT INTO public.transactions VALUES ('1cf4eef5-c72e-476f-8c05-4576eecd79c7', 'd7c5ec30-b2d6-4658-aefb-918bdaf5b70e', '2025-11-26', 'PAYU *UBER TRIP COMPRAS', 2107.00, NULL, 'gasto', '2025-12-01 03:52:58.540745+00', '2025-12-02 01:01:47.63152+00', '953c91b5-d987-4601-8320-d00ce80021e8', 70, 1, 2026, 1, NULL);
INSERT INTO public.transactions VALUES ('eb952c4e-86ec-4746-be9a-f04bfc782d79', 'd7c5ec30-b2d6-4658-aefb-918bdaf5b70e', '2025-11-26', 'APP COPEC BIP] COMPRAS', 3480.00, NULL, 'gasto', '2025-12-01 03:52:58.538489+00', '2025-12-02 01:01:52.264149+00', '953c91b5-d987-4601-8320-d00ce80021e8', 70, 1, 2026, 1, NULL);
INSERT INTO public.transactions VALUES ('103700d0-0a9b-4e17-903f-b7f736b8a177', 'd7c5ec30-b2d6-4658-aefb-918bdaf5b70e', '2025-11-26', 'TUU*PASTAS ZENA COMPRAS', 25830.00, NULL, 'gasto', '2025-12-01 03:52:58.536251+00', '2025-12-02 01:01:57.905745+00', '953c91b5-d987-4601-8320-d00ce80021e8', 7, 1, 2026, 1, NULL);
INSERT INTO public.transactions VALUES ('89b10a80-08b5-4256-863d-f9c7713418d7', 'd7c5ec30-b2d6-4658-aefb-918bdaf5b70e', '2025-11-26', 'BROS COMPRAS', 22880.00, NULL, 'gasto', '2025-12-01 03:52:58.533264+00', '2025-12-02 01:02:38.183013+00', '953c91b5-d987-4601-8320-d00ce80021e8', 7, 1, 2026, 1, NULL);
INSERT INTO public.transactions VALUES ('4afce451-217e-4a3a-9473-7f026a4b4e61', 'd7c5ec30-b2d6-4658-aefb-918bdaf5b70e', '2025-11-28', 'RedGloba*TWINSMANIA PE COMPRAS', 30270.00, NULL, 'gasto', '2025-12-01 03:52:58.508275+00', '2025-12-02 03:17:42.312802+00', '953c91b5-d987-4601-8320-d00ce80021e8', 74, 1, 2026, 1, NULL);
INSERT INTO public.transactions VALUES ('56d26046-5c5d-4bad-9b3b-b01261dda0b0', 'd7c5ec30-b2d6-4658-aefb-918bdaf5b70e', '2025-10-27', 'PAYU *UBER TRIP COMPRAS', 2155.00, NULL, 'gasto', '2025-10-31 04:46:11.802589+00', '2025-11-30 22:28:30.496257+00', '6ed8132e-a1c2-4064-8239-5bd1eecb96a1', 70, 1, 2025, 12, NULL);
INSERT INTO public.transactions VALUES ('87f6260e-dc30-4349-a3e4-70c4f0b749c8', 'd7c5ec30-b2d6-4658-aefb-918bdaf5b70e', '2025-10-27', 'PAYU *FLIXBUS COMPRAS', 4499.00, NULL, 'gasto', '2025-10-31 04:46:11.800083+00', '2025-11-30 22:28:30.496257+00', '6ed8132e-a1c2-4064-8239-5bd1eecb96a1', 70, 1, 2025, 12, NULL);
INSERT INTO public.transactions VALUES ('69286f34-bdd1-48db-9d77-991e10e58d7f', 'd7c5ec30-b2d6-4658-aefb-918bdaf5b70e', '2025-10-27', 'COPEC APP COMPRAS', 2090.00, NULL, 'gasto', '2025-10-31 04:46:11.797543+00', '2025-11-30 22:28:30.496257+00', '6ed8132e-a1c2-4064-8239-5bd1eecb96a1', 70, 1, 2025, 12, NULL);
INSERT INTO public.transactions VALUES ('82c95c47-d0d2-45ec-ba4f-347df8ffe21b', 'd7c5ec30-b2d6-4658-aefb-918bdaf5b70e', '2025-10-27', 'INVERSIONES SOUL SPA COMPRAS', 10000.00, NULL, 'gasto', '2025-10-31 04:46:11.795027+00', '2025-11-30 22:28:30.496257+00', '6ed8132e-a1c2-4064-8239-5bd1eecb96a1', 11, 1, 2025, 12, NULL);
INSERT INTO public.transactions VALUES ('fe192ca1-f370-47cd-9fad-2ebdb90c6212', 'd7c5ec30-b2d6-4658-aefb-918bdaf5b70e', '2025-10-27', 'DL*GOOGLE YOUTUBE** COMPRAS', 14190.00, NULL, 'gasto', '2025-10-31 04:46:11.792543+00', '2025-11-30 22:28:30.496257+00', '6ed8132e-a1c2-4064-8239-5bd1eecb96a1', 8, 1, 2025, 12, NULL);
INSERT INTO public.transactions VALUES ('446e769e-ce31-49a0-b9fb-936e9e1e9f99', 'd7c5ec30-b2d6-4658-aefb-918bdaf5b70e', '2025-10-26', 'BAKERY LYNCH COMPRAS', 3000.00, NULL, 'gasto', '2025-10-31 04:46:11.826992+00', '2025-11-30 22:28:30.496257+00', '6ed8132e-a1c2-4064-8239-5bd1eecb96a1', 72, 1, 2025, 12, NULL);
INSERT INTO public.transactions VALUES ('ddcca1a5-774a-4519-8cf2-7f6f24cc5367', 'd7c5ec30-b2d6-4658-aefb-918bdaf5b70e', '2025-10-26', 'AJI DEL MAR COMPRAS', 58520.00, NULL, 'gasto', '2025-10-31 04:46:11.824521+00', '2025-11-30 22:28:30.496257+00', '6ed8132e-a1c2-4064-8239-5bd1eecb96a1', 72, 1, 2025, 12, NULL);
INSERT INTO public.transactions VALUES ('21d001ad-97bb-4017-863e-d337334127d4', 'd7c5ec30-b2d6-4658-aefb-918bdaf5b70e', '2025-10-26', 'UNIMARC 4 PONIENTE COMPRAS', 3740.00, NULL, 'gasto', '2025-10-31 04:46:11.822064+00', '2025-11-30 22:28:30.496257+00', '6ed8132e-a1c2-4064-8239-5bd1eecb96a1', 71, 1, 2025, 12, NULL);
INSERT INTO public.transactions VALUES ('4a9dc35b-4081-46b4-b3ed-ed5d5e7ca979', 'd7c5ec30-b2d6-4658-aefb-918bdaf5b70e', '2025-10-26', 'STA ISABEL 1 PON.VINA COMPRAS', 7780.00, NULL, 'gasto', '2025-10-31 04:46:11.819299+00', '2025-11-30 22:28:30.496257+00', '6ed8132e-a1c2-4064-8239-5bd1eecb96a1', 71, 1, 2025, 12, NULL);
INSERT INTO public.transactions VALUES ('15bdfc7b-5c64-4467-b936-7f080794399f', 'd7c5ec30-b2d6-4658-aefb-918bdaf5b70e', '2025-10-26', 'VINA DEL MAR COMPRAS', 1590.00, NULL, 'gasto', '2025-10-31 04:46:11.816481+00', '2025-11-30 22:28:30.496257+00', '6ed8132e-a1c2-4064-8239-5bd1eecb96a1', 71, 1, 2025, 12, NULL);
INSERT INTO public.transactions VALUES ('c1070ea7-9001-40d1-998a-e0767823d1e9', 'd7c5ec30-b2d6-4658-aefb-918bdaf5b70e', '2025-10-26', 'BAKERY LYNCH COMPRAS', 4100.00, NULL, 'gasto', '2025-10-31 04:46:11.813829+00', '2025-11-30 22:28:30.496257+00', '6ed8132e-a1c2-4064-8239-5bd1eecb96a1', 72, 1, 2025, 12, NULL);
INSERT INTO public.transactions VALUES ('ce11a377-37d3-4c5a-a455-1688c7e5a1ea', 'd7c5ec30-b2d6-4658-aefb-918bdaf5b70e', '2025-10-26', 'TUU*HAULMER AGREGADOR COMPRAS', 7800.00, NULL, 'gasto', '2025-10-31 04:46:11.810994+00', '2025-11-30 22:28:30.496257+00', '6ed8132e-a1c2-4064-8239-5bd1eecb96a1', 11, 1, 2025, 12, NULL);
INSERT INTO public.transactions VALUES ('dd1c1bd5-23e6-4594-b6a9-abe14f43d5ea', 'd7c5ec30-b2d6-4658-aefb-918bdaf5b70e', '2025-10-25', 'COPEC APP COMPRAS', 53285.00, NULL, 'gasto', '2025-10-31 04:46:11.839415+00', '2025-11-30 22:28:30.496257+00', '6ed8132e-a1c2-4064-8239-5bd1eecb96a1', 9, 1, 2025, 12, NULL);
INSERT INTO public.transactions VALUES ('d794c9f2-6c3b-42e3-abb7-15b5648795ee', 'd7c5ec30-b2d6-4658-aefb-918bdaf5b70e', '2025-10-25', 'BAKERY LYNCH COMPRAS', 10400.00, NULL, 'gasto', '2025-10-31 04:46:11.833216+00', '2025-11-30 22:28:30.496257+00', '6ed8132e-a1c2-4064-8239-5bd1eecb96a1', 72, 1, 2025, 12, NULL);
INSERT INTO public.transactions VALUES ('4357b2be-a9e4-4fa1-a104-243ebc80b1dc', 'd7c5ec30-b2d6-4658-aefb-918bdaf5b70e', '2025-10-25', 'MERCADOPAGO *JARDINCE COMPRAS', 29920.00, NULL, 'gasto', '2025-10-31 04:46:11.830414+00', '2025-11-30 22:28:30.496257+00', '6ed8132e-a1c2-4064-8239-5bd1eecb96a1', 11, 1, 2025, 12, NULL);
INSERT INTO public.transactions VALUES ('5696b368-34b4-466e-bc9d-7ba4cf65da35', 'd7c5ec30-b2d6-4658-aefb-918bdaf5b70e', '2025-10-24', 'SANIDENT COMPRAS', 35000.00, NULL, 'gasto', '2025-10-31 04:46:11.850002+00', '2025-11-30 22:28:30.496257+00', '6ed8132e-a1c2-4064-8239-5bd1eecb96a1', 12, 1, 2025, 12, NULL);
INSERT INTO public.transactions VALUES ('deba3bc9-5dcd-4fdd-acbc-364a21547e0b', 'd7c5ec30-b2d6-4658-aefb-918bdaf5b70e', '2025-10-24', 'MACH VINA DEL MAR COMPRAS', 452124.00, NULL, 'gasto', '2025-10-31 04:46:11.84744+00', '2025-11-30 22:28:30.496257+00', '6ed8132e-a1c2-4064-8239-5bd1eecb96a1', 9, 1, 2025, 12, NULL);
INSERT INTO public.transactions VALUES ('9d1409a0-1392-4079-b74e-9b97f388df0a', 'd7c5ec30-b2d6-4658-aefb-918bdaf5b70e', '2025-10-24', 'PEDIDOSYA CL PLUS COMPRAS', 50.00, NULL, 'gasto', '2025-10-31 04:46:11.844901+00', '2025-11-30 22:28:30.496257+00', '6ed8132e-a1c2-4064-8239-5bd1eecb96a1', 8, 1, 2025, 12, NULL);
INSERT INTO public.transactions VALUES ('f10dcb9a-25d7-47d9-a978-2abfda8fbb8f', 'd7c5ec30-b2d6-4658-aefb-918bdaf5b70e', '2025-10-24', 'PEDIDOSYA CL COMPRAS', 17940.00, NULL, 'gasto', '2025-10-31 04:46:11.842311+00', '2025-11-30 22:28:30.496257+00', '6ed8132e-a1c2-4064-8239-5bd1eecb96a1', 72, 1, 2025, 12, NULL);
INSERT INTO public.transactions VALUES ('529c581d-5c4b-42d8-83bd-e071ea9197a9', 'd7c5ec30-b2d6-4658-aefb-918bdaf5b70e', '2025-10-29', 'TUU*barassiMascotas COMPRAS', 26700.00, NULL, 'gasto', '2025-11-03 02:43:10.249634+00', '2025-11-30 22:28:30.496257+00', 'adfead1b-6768-4421-86d1-255d8a922445', NULL, 1, 2025, 12, NULL);
INSERT INTO public.transactions VALUES ('517af4ec-d30f-4c34-b7b4-d4d93a8785e9', 'd7c5ec30-b2d6-4658-aefb-918bdaf5b70e', '2025-10-29', 'SUPERZOO -MARINA ARAUC COMPRAS', 24990.00, NULL, 'gasto', '2025-11-03 02:43:10.253652+00', '2025-11-30 22:28:30.496257+00', 'adfead1b-6768-4421-86d1-255d8a922445', NULL, 1, 2025, 12, NULL);
INSERT INTO public.transactions VALUES ('50e57edb-de91-43b8-b679-a407c7135c9f', 'd7c5ec30-b2d6-4658-aefb-918bdaf5b70e', '2025-11-01', 'UNIMARC 4 PONIENTE     VINA DEL MAR  CHL', 51852.00, NULL, 'gasto', '2025-11-03 02:43:10.228857+00', '2025-11-30 22:28:30.496257+00', 'adfead1b-6768-4421-86d1-255d8a922445', 71, 1, 2025, 12, NULL);
INSERT INTO public.transactions VALUES ('73f0818b-5e70-46d7-b874-0df4bd068bb5', 'd7c5ec30-b2d6-4658-aefb-918bdaf5b70e', '2025-10-31', 'PLAYA LICORES Y ROCK A VALPARAISO    CHL', 2300.00, NULL, 'gasto', '2025-11-03 02:43:10.246876+00', '2025-11-30 22:28:30.496257+00', 'adfead1b-6768-4421-86d1-255d8a922445', 72, 1, 2025, 12, NULL);
INSERT INTO public.transactions VALUES ('1a8e7a88-cc45-49d6-902b-d81f766303ee', 'd7c5ec30-b2d6-4658-aefb-918bdaf5b70e', '2025-10-31', 'APP COPEC BIP!         SANTIAGO      CHL', 1740.00, NULL, 'gasto', '2025-11-03 02:43:10.2426+00', '2025-11-30 22:28:30.496257+00', 'adfead1b-6768-4421-86d1-255d8a922445', 70, 1, 2025, 12, NULL);
INSERT INTO public.transactions VALUES ('3674a910-9469-4491-9508-ff29c105db33', 'd7c5ec30-b2d6-4658-aefb-918bdaf5b70e', '2025-10-31', 'CAFETERIA LA VINOTECA  VINA DEL MAR  CHL', 7992.00, NULL, 'gasto', '2025-11-03 02:43:10.239946+00', '2025-11-30 22:28:30.496257+00', 'adfead1b-6768-4421-86d1-255d8a922445', 72, 1, 2025, 12, NULL);
INSERT INTO public.transactions VALUES ('449bfaa0-9739-464e-a523-53806f7ec29f', 'd7c5ec30-b2d6-4658-aefb-918bdaf5b70e', '2025-10-31', 'RESTOBAR VINA SPA      VALPARAISO    CHL', 15500.00, NULL, 'gasto', '2025-11-03 02:43:10.237226+00', '2025-11-30 22:28:30.496257+00', 'adfead1b-6768-4421-86d1-255d8a922445', 72, 1, 2025, 12, NULL);
INSERT INTO public.transactions VALUES ('54c3f6fa-07e1-4192-8ef3-f9802ad4e3fb', 'd7c5ec30-b2d6-4658-aefb-918bdaf5b70e', '2025-10-31', 'STA ISABEL 1 PON.VINA  VINA DEL MAR  CHL', 31793.00, NULL, 'gasto', '2025-11-03 02:43:10.234374+00', '2025-11-30 22:28:30.496257+00', 'adfead1b-6768-4421-86d1-255d8a922445', 71, 1, 2025, 12, NULL);
INSERT INTO public.transactions VALUES ('75ddd48d-94a3-4d50-b6de-6afe8c0ff571', 'd7c5ec30-b2d6-4658-aefb-918bdaf5b70e', '2025-10-31', 'BAKERY LYNCH           VALPARAISO    CHL', 3810.00, NULL, 'gasto', '2025-11-03 02:43:10.23172+00', '2025-11-30 22:28:30.496257+00', 'adfead1b-6768-4421-86d1-255d8a922445', 71, 1, 2025, 12, NULL);
INSERT INTO public.transactions VALUES ('f38b1206-6cbe-4ea3-b5d3-125b8c87b80e', 'd7c5ec30-b2d6-4658-aefb-918bdaf5b70e', '2025-10-30', 'PAYU   UBER TRIP      SANTIAGO      CHL', 2144.00, NULL, 'gasto', '2025-10-31 04:46:11.741601+00', '2025-11-30 22:28:30.496257+00', '6ed8132e-a1c2-4064-8239-5bd1eecb96a1', 70, 1, 2025, 12, NULL);
INSERT INTO public.transactions VALUES ('1affab23-3ea2-4dc2-a22c-37f4a99d654a', 'd7c5ec30-b2d6-4658-aefb-918bdaf5b70e', '2025-10-29', 'JUMBO J875 VINA DEL MA COMPRAS', 4080.00, NULL, 'gasto', '2025-11-03 02:43:10.258912+00', '2025-11-30 22:28:30.496257+00', 'adfead1b-6768-4421-86d1-255d8a922445', 71, 1, 2025, 12, NULL);
INSERT INTO public.transactions VALUES ('7fa2be94-3b5e-4a6d-951d-59132fd57074', 'd7c5ec30-b2d6-4658-aefb-918bdaf5b70e', '2025-10-29', 'AJI DEL MAR COMPRAS', 89530.00, NULL, 'gasto', '2025-11-03 02:43:10.25639+00', '2025-11-30 22:28:30.496257+00', 'adfead1b-6768-4421-86d1-255d8a922445', 72, 1, 2025, 12, NULL);
INSERT INTO public.transactions VALUES ('d0933fd7-3581-47fc-aa77-92e7a397341e', 'd7c5ec30-b2d6-4658-aefb-918bdaf5b70e', '2025-10-24', 'APP COPEC BIP] COMPRAS', 1740.00, NULL, 'gasto', '2025-10-31 04:46:11.862695+00', '2025-11-30 22:28:30.496257+00', '6ed8132e-a1c2-4064-8239-5bd1eecb96a1', 70, 1, 2025, 12, NULL);
INSERT INTO public.transactions VALUES ('655db4c6-2a7d-4d12-bad1-f6794840c32f', 'd7c5ec30-b2d6-4658-aefb-918bdaf5b70e', '2025-10-24', 'RIZOMA FLORISTERIA COMPRAS', 13000.00, NULL, 'gasto', '2025-10-31 04:46:11.860028+00', '2025-11-30 22:28:30.496257+00', '6ed8132e-a1c2-4064-8239-5bd1eecb96a1', 12, 1, 2025, 12, NULL);
INSERT INTO public.transactions VALUES ('5387169f-1794-4bec-9427-e5ea2af75120', 'd7c5ec30-b2d6-4658-aefb-918bdaf5b70e', '2025-10-23', 'MP *CABIFY2543Y6AOKWR COMPRAS', 2120.00, NULL, 'gasto', '2025-10-31 04:46:11.874794+00', '2025-11-30 22:28:30.496257+00', '6ed8132e-a1c2-4064-8239-5bd1eecb96a1', 70, 1, 2025, 12, NULL);
INSERT INTO public.transactions VALUES ('12d28174-051e-4816-8d1a-d68799c6fc04', 'd7c5ec30-b2d6-4658-aefb-918bdaf5b70e', '2025-10-22', 'APP COPEC BIP] COMPRAS', 1740.00, NULL, 'gasto', '2025-10-31 04:46:11.902494+00', '2025-11-30 22:28:30.496257+00', '6ed8132e-a1c2-4064-8239-5bd1eecb96a1', 70, 1, 2025, 12, NULL);
INSERT INTO public.transactions VALUES ('d8fd50d8-4b5e-47fb-8b44-407f9d36fdfb', 'd7c5ec30-b2d6-4658-aefb-918bdaf5b70e', '2025-10-23', 'PAYU *UBER TRIP COMPRAS', 2111.00, NULL, 'gasto', '2025-10-31 04:46:11.869053+00', '2025-11-30 22:28:30.496257+00', '6ed8132e-a1c2-4064-8239-5bd1eecb96a1', 70, 1, 2025, 12, NULL);
INSERT INTO public.transactions VALUES ('f25f63f8-c757-4ea1-9a2f-0c742d361f3d', 'd7c5ec30-b2d6-4658-aefb-918bdaf5b70e', '2025-10-23', 'VINA DEL MAR COMPRAS', 2590.00, NULL, 'gasto', '2025-10-31 04:46:11.86613+00', '2025-11-30 22:28:30.496257+00', '6ed8132e-a1c2-4064-8239-5bd1eecb96a1', 70, 1, 2025, 12, NULL);
INSERT INTO public.transactions VALUES ('85a3c7bf-c2ee-489d-837b-decf546bf2e4', 'd7c5ec30-b2d6-4658-aefb-918bdaf5b70e', '2025-10-23', 'MERCADOPAGO *PANLEONM COMPRAS', 950.00, NULL, 'gasto', '2025-10-31 04:46:11.871666+00', '2025-11-30 22:28:30.496257+00', '6ed8132e-a1c2-4064-8239-5bd1eecb96a1', 12, 1, 2025, 12, NULL);
INSERT INTO public.transactions VALUES ('3302518e-a432-4fdb-a917-2a0a65b71b14', 'd7c5ec30-b2d6-4658-aefb-918bdaf5b70e', '2025-10-22', 'INVERSIONES SOUL SPA COMPRAS', 200.00, NULL, 'gasto', '2025-10-31 04:46:11.89675+00', '2025-11-30 22:28:30.496257+00', '6ed8132e-a1c2-4064-8239-5bd1eecb96a1', 12, 1, 2025, 12, NULL);
INSERT INTO public.transactions VALUES ('4d11067e-98c1-4840-88b1-5078933f5c2c', 'd7c5ec30-b2d6-4658-aefb-918bdaf5b70e', '2025-10-22', 'PAYU *UBER TRIP COMPRAS', 1925.00, NULL, 'gasto', '2025-10-31 04:46:11.893702+00', '2025-11-30 22:28:30.496257+00', '6ed8132e-a1c2-4064-8239-5bd1eecb96a1', 70, 1, 2025, 12, NULL);
INSERT INTO public.transactions VALUES ('bd5de6ad-4abd-402f-b6a8-e90fb3958c5a', 'd7c5ec30-b2d6-4658-aefb-918bdaf5b70e', '2025-10-22', 'PEDIDOSYA CL COMPRAS', 6040.00, NULL, 'gasto', '2025-10-31 04:46:11.884533+00', '2025-11-30 22:28:30.496257+00', '6ed8132e-a1c2-4064-8239-5bd1eecb96a1', 72, 1, 2025, 12, NULL);
INSERT INTO public.transactions VALUES ('63074248-6183-4bd2-bf4c-122fd17e3037', 'd7c5ec30-b2d6-4658-aefb-918bdaf5b70e', '2025-10-22', 'INVERSIONES SOUL SPA COMPRAS', 4400.00, NULL, 'gasto', '2025-10-31 04:46:11.880643+00', '2025-11-30 22:28:30.496257+00', '6ed8132e-a1c2-4064-8239-5bd1eecb96a1', 11, 1, 2025, 12, NULL);
INSERT INTO public.transactions VALUES ('8595b1cc-e5c9-4a11-9517-99b65d5ff805', 'd7c5ec30-b2d6-4658-aefb-918bdaf5b70e', '2025-11-06', 'MP KOMBUCHU           Las Condes    CHL', 23310.00, NULL, 'gasto', '2025-11-06 21:30:41.95479+00', '2025-11-30 22:28:30.496257+00', 'b11b5575-e510-4f9b-9019-7d9140cad19f', NULL, 1, 2025, 12, NULL);
INSERT INTO public.transactions VALUES ('07e42028-5aa8-46a4-8b7b-23b7cf0b9cd7', 'd7c5ec30-b2d6-4658-aefb-918bdaf5b70e', '2025-11-06', 'PAYU   UBER TRIP      SANTIAGO      CHL', 2239.00, NULL, 'gasto', '2025-11-06 21:30:41.958909+00', '2025-11-30 22:28:30.496257+00', 'b11b5575-e510-4f9b-9019-7d9140cad19f', NULL, 1, 2025, 12, NULL);
INSERT INTO public.transactions VALUES ('c6f7e594-1eeb-4885-9331-ffd4e4427f93', 'd7c5ec30-b2d6-4658-aefb-918bdaf5b70e', '2025-11-06', 'MAXIK                  PROVIDENCIA   CHL', 1190.00, NULL, 'gasto', '2025-11-06 21:30:41.962193+00', '2025-11-30 22:28:30.496257+00', 'b11b5575-e510-4f9b-9019-7d9140cad19f', NULL, 1, 2025, 12, NULL);
INSERT INTO public.transactions VALUES ('eda4009c-2f74-40db-8ec1-807cd69f63d1', 'd7c5ec30-b2d6-4658-aefb-918bdaf5b70e', '2025-11-05', 'MC DONALDS LIDER VINA  VINA DEL MAR  CHL', 3190.00, NULL, 'gasto', '2025-11-06 21:30:41.965222+00', '2025-11-30 22:28:30.496257+00', 'b11b5575-e510-4f9b-9019-7d9140cad19f', NULL, 1, 2025, 12, NULL);
INSERT INTO public.transactions VALUES ('716b6ab0-cb90-4d69-9521-4cdaf5f28277', 'd7c5ec30-b2d6-4658-aefb-918bdaf5b70e', '2025-11-05', 'REPUBLIC PARKING       VINA DEL MAR  CHL', 2550.00, NULL, 'gasto', '2025-11-06 21:30:41.968309+00', '2025-11-30 22:28:30.496257+00', 'b11b5575-e510-4f9b-9019-7d9140cad19f', NULL, 1, 2025, 12, NULL);
INSERT INTO public.transactions VALUES ('1658511e-30f4-4b5b-9537-43e420fa6d0f', 'd7c5ec30-b2d6-4658-aefb-918bdaf5b70e', '2025-11-05', 'HIP LIDER VINA DEL MAR VINA DEL MAR  CHL', 16780.00, NULL, 'gasto', '2025-11-06 21:30:41.976555+00', '2025-11-30 22:28:30.496257+00', 'b11b5575-e510-4f9b-9019-7d9140cad19f', NULL, 1, 2025, 12, NULL);
INSERT INTO public.transactions VALUES ('06291a45-a949-48a5-81d5-47cdfeafed4d', 'd7c5ec30-b2d6-4658-aefb-918bdaf5b70e', '2025-11-05', 'DECATHLON VINA DEL MAR VALPARAISO    CHL', 47000.00, NULL, 'gasto', '2025-11-06 21:30:41.979939+00', '2025-11-30 22:28:30.496257+00', 'b11b5575-e510-4f9b-9019-7d9140cad19f', NULL, 1, 2025, 12, NULL);
INSERT INTO public.transactions VALUES ('ab5c1bc6-b346-4b6d-b6fc-2f6cca5534ef', 'd7c5ec30-b2d6-4658-aefb-918bdaf5b70e', '2025-11-05', 'MASQMIGA               VINA DEL MAR  CHL', 2620.00, NULL, 'gasto', '2025-11-06 21:30:41.989013+00', '2025-11-30 22:28:30.496257+00', 'b11b5575-e510-4f9b-9019-7d9140cad19f', NULL, 1, 2025, 12, NULL);
INSERT INTO public.transactions VALUES ('1f356d60-ff72-4d1d-b948-e220612c7e8b', 'd7c5ec30-b2d6-4658-aefb-918bdaf5b70e', '2025-11-05', 'DLGOOGLE YOUTUBE      SANTIAGO      CHL', 1790.00, NULL, 'gasto', '2025-11-06 21:30:41.99132+00', '2025-11-30 22:28:30.496257+00', 'b11b5575-e510-4f9b-9019-7d9140cad19f', NULL, 1, 2025, 12, NULL);
INSERT INTO public.transactions VALUES ('0a613cca-6a56-4f27-9765-506d4e02dd6f', 'd7c5ec30-b2d6-4658-aefb-918bdaf5b70e', '2025-11-04', 'RIPLEY CREDITO R COMPRAS', 32990.00, NULL, 'gasto', '2025-11-06 21:30:41.996203+00', '2025-11-30 22:28:30.496257+00', 'b11b5575-e510-4f9b-9019-7d9140cad19f', NULL, 1, 2025, 12, NULL);
INSERT INTO public.transactions VALUES ('6cf95f16-ea46-483b-aca9-297cf10a89d2', 'd7c5ec30-b2d6-4658-aefb-918bdaf5b70e', '2025-11-04', 'CASA IDEAS MARINA ARAU COMPRAS', 85603.00, NULL, 'gasto', '2025-11-06 21:30:41.998678+00', '2025-11-30 22:28:30.496257+00', 'b11b5575-e510-4f9b-9019-7d9140cad19f', NULL, 1, 2025, 12, NULL);
INSERT INTO public.transactions VALUES ('e8c1be6d-cdc7-4bf2-a8ff-ccfaf0967ff3', 'd7c5ec30-b2d6-4658-aefb-918bdaf5b70e', '2025-11-04', 'BAKERY LYNCH COMPRAS', 6000.00, NULL, 'gasto', '2025-11-06 21:30:42.005185+00', '2025-11-30 22:28:30.496257+00', 'b11b5575-e510-4f9b-9019-7d9140cad19f', NULL, 1, 2025, 12, NULL);
INSERT INTO public.transactions VALUES ('050bc866-7b96-4798-8449-25b8ad20d42f', 'd7c5ec30-b2d6-4658-aefb-918bdaf5b70e', '2025-11-04', 'MERCADOPAGO *BAKERYSP COMPRAS', 3990.00, NULL, 'gasto', '2025-11-06 21:30:42.012701+00', '2025-11-30 22:28:30.496257+00', 'b11b5575-e510-4f9b-9019-7d9140cad19f', NULL, 1, 2025, 12, NULL);
INSERT INTO public.transactions VALUES ('e95f068e-c455-40af-ab10-df46cf9db41c', 'd7c5ec30-b2d6-4658-aefb-918bdaf5b70e', '2025-11-04', 'CCP ONECLICK COPEC COMPRAS', 3700.00, NULL, 'gasto', '2025-11-06 21:30:42.016548+00', '2025-11-30 22:28:30.496257+00', 'b11b5575-e510-4f9b-9019-7d9140cad19f', NULL, 1, 2025, 12, NULL);
INSERT INTO public.transactions VALUES ('05c832e1-612c-48a3-911d-86f9cf947bb8', 'd7c5ec30-b2d6-4658-aefb-918bdaf5b70e', '2025-11-04', 'RESTAURANTE TIERRA D COMPRAS', 125400.00, NULL, 'gasto', '2025-11-06 21:30:42.01917+00', '2025-11-30 22:28:30.496257+00', 'b11b5575-e510-4f9b-9019-7d9140cad19f', NULL, 1, 2025, 12, NULL);
INSERT INTO public.transactions VALUES ('a9bd151e-2811-4998-ae58-1fae9e93f366', 'd7c5ec30-b2d6-4658-aefb-918bdaf5b70e', '2025-11-03', 'maninovidal1@gmail.com COMPRAS', 10500.00, NULL, 'gasto', '2025-11-06 21:30:42.021968+00', '2025-11-30 22:28:30.496257+00', 'b11b5575-e510-4f9b-9019-7d9140cad19f', NULL, 1, 2025, 12, NULL);
INSERT INTO public.transactions VALUES ('6a179bf1-245b-4ed0-a79c-24e89d47475b', 'd7c5ec30-b2d6-4658-aefb-918bdaf5b70e', '2025-11-03', 'MIO NONO DIABUNO E.I COMPRAS', 12800.00, NULL, 'gasto', '2025-11-06 21:30:42.024737+00', '2025-11-30 22:28:30.496257+00', 'b11b5575-e510-4f9b-9019-7d9140cad19f', NULL, 1, 2025, 12, NULL);
INSERT INTO public.transactions VALUES ('2af546db-1d65-44c9-848e-373a6828ea56', 'd7c5ec30-b2d6-4658-aefb-918bdaf5b70e', '2025-11-03', 'PLAYA LICORES Y ROCK COMPRAS', 5800.00, NULL, 'gasto', '2025-11-06 21:30:42.034078+00', '2025-11-30 22:28:30.496257+00', 'b11b5575-e510-4f9b-9019-7d9140cad19f', NULL, 1, 2025, 12, NULL);
INSERT INTO public.transactions VALUES ('9278e5cd-22ee-4be1-b119-18e9fc1f9821', 'd7c5ec30-b2d6-4658-aefb-918bdaf5b70e', '2025-11-03', 'BOTILLERIA 3 HIELO COMPRAS', 1000.00, NULL, 'gasto', '2025-11-06 21:30:42.037627+00', '2025-11-30 22:28:30.496257+00', 'b11b5575-e510-4f9b-9019-7d9140cad19f', NULL, 1, 2025, 12, NULL);
INSERT INTO public.transactions VALUES ('8ccb5e82-8f6a-4ff9-a573-150b0261ab66', 'd7c5ec30-b2d6-4658-aefb-918bdaf5b70e', '2025-11-03', 'JIS PARKING LIDER LIMA COMPRAS', 1000.00, NULL, 'gasto', '2025-11-06 21:30:42.040697+00', '2025-11-30 22:28:30.496257+00', 'b11b5575-e510-4f9b-9019-7d9140cad19f', NULL, 1, 2025, 12, NULL);
INSERT INTO public.transactions VALUES ('04ad6736-3163-4670-9187-4fd3cd9ee595', 'd7c5ec30-b2d6-4658-aefb-918bdaf5b70e', '2025-11-03', 'MERCADOPAGO *DUNKIN COMPRAS', 3206.00, NULL, 'gasto', '2025-11-06 21:30:42.043433+00', '2025-11-30 22:28:30.496257+00', 'b11b5575-e510-4f9b-9019-7d9140cad19f', NULL, 1, 2025, 12, NULL);
INSERT INTO public.transactions VALUES ('e677478e-fa6a-43a7-bad1-e72729f32946', 'd7c5ec30-b2d6-4658-aefb-918bdaf5b70e', '2025-11-03', 'HIPER 978 LIMACHE COMPRAS', 71930.00, NULL, 'gasto', '2025-11-06 21:30:42.04595+00', '2025-11-30 22:28:30.496257+00', 'b11b5575-e510-4f9b-9019-7d9140cad19f', NULL, 1, 2025, 12, NULL);
INSERT INTO public.transactions VALUES ('f7637ea7-d18a-4e52-a87b-18463c7472cb', 'd7c5ec30-b2d6-4658-aefb-918bdaf5b70e', '2025-11-03', 'BOTILLERIA IMPACTO SPA COMPRAS', 1990.00, NULL, 'gasto', '2025-11-06 21:30:42.048673+00', '2025-11-30 22:28:30.496257+00', 'b11b5575-e510-4f9b-9019-7d9140cad19f', NULL, 1, 2025, 12, NULL);
INSERT INTO public.transactions VALUES ('d10186fe-9338-4212-a3c9-cfe2c1c1d426', 'd7c5ec30-b2d6-4658-aefb-918bdaf5b70e', '2025-11-03', 'PARIS VINA DEL MAR CRED.COMPRAS', -85980.00, NULL, 'pago', '2025-11-06 21:30:42.051389+00', '2025-11-30 22:28:30.496257+00', 'b11b5575-e510-4f9b-9019-7d9140cad19f', NULL, 1, 2025, 12, NULL);
INSERT INTO public.transactions VALUES ('da52400b-e5d3-4d34-abd4-6913e0827116', 'd7c5ec30-b2d6-4658-aefb-918bdaf5b70e', '2025-10-31', 'RESTOBAR VINA SPA COMPRAS', 15500.00, NULL, 'gasto', '2025-11-06 21:30:42.061275+00', '2025-11-30 22:28:30.496257+00', 'b11b5575-e510-4f9b-9019-7d9140cad19f', NULL, 1, 2025, 12, NULL);
INSERT INTO public.transactions VALUES ('86215c8b-5619-46b8-b3a3-fa91f390737a', 'd7c5ec30-b2d6-4658-aefb-918bdaf5b70e', '2025-10-31', 'STA ISABEL 1 PON.VINA COMPRAS', 31793.00, NULL, 'gasto', '2025-11-06 21:30:42.064175+00', '2025-11-30 22:28:30.496257+00', 'b11b5575-e510-4f9b-9019-7d9140cad19f', NULL, 1, 2025, 12, NULL);
INSERT INTO public.transactions VALUES ('e03dc981-7db1-4e63-9d2b-4afe3da40bc2', 'd7c5ec30-b2d6-4658-aefb-918bdaf5b70e', '2025-10-31', 'APP COPEC BIP] COMPRAS', 1740.00, NULL, 'gasto', '2025-11-06 21:30:42.067001+00', '2025-11-30 22:28:30.496257+00', 'b11b5575-e510-4f9b-9019-7d9140cad19f', NULL, 1, 2025, 12, NULL);
INSERT INTO public.transactions VALUES ('2dc7371e-94f1-4435-9775-79d320e9cb5e', 'd7c5ec30-b2d6-4658-aefb-918bdaf5b70e', '2025-10-31', 'CAFETERIA LA VINOTECA COMPRAS', 7992.00, NULL, 'gasto', '2025-11-06 21:30:42.069993+00', '2025-11-30 22:28:30.496257+00', 'b11b5575-e510-4f9b-9019-7d9140cad19f', NULL, 1, 2025, 12, NULL);
INSERT INTO public.transactions VALUES ('dc3ba8bc-412b-4025-94a6-e6cefc752e56', 'd7c5ec30-b2d6-4658-aefb-918bdaf5b70e', '2025-10-31', 'PLAYA LICORES Y ROCK COMPRAS', 2300.00, NULL, 'gasto', '2025-11-06 21:30:42.072763+00', '2025-11-30 22:28:30.496257+00', 'b11b5575-e510-4f9b-9019-7d9140cad19f', NULL, 1, 2025, 12, NULL);
INSERT INTO public.transactions VALUES ('5984a9fb-a173-43db-961c-e19d91c98a8a', 'd7c5ec30-b2d6-4658-aefb-918bdaf5b70e', '2025-10-31', 'BAKERY LYNCH COMPRAS', 3810.00, NULL, 'gasto', '2025-11-06 21:30:42.076371+00', '2025-11-30 22:28:30.496257+00', 'b11b5575-e510-4f9b-9019-7d9140cad19f', NULL, 1, 2025, 12, NULL);
INSERT INTO public.transactions VALUES ('e60ec7cd-910f-4e8f-98af-3358ef2f2586', 'd7c5ec30-b2d6-4658-aefb-918bdaf5b70e', '2025-10-30', '5113 NEW BALANCE MARIN COMPRAS', 219983.00, NULL, 'gasto', '2025-11-06 21:30:42.079416+00', '2025-11-30 22:28:30.496257+00', 'b11b5575-e510-4f9b-9019-7d9140cad19f', NULL, 1, 2025, 12, NULL);
INSERT INTO public.transactions VALUES ('e71ab54e-2a2f-408f-aa08-d988655d5a43', 'd7c5ec30-b2d6-4658-aefb-918bdaf5b70e', '2025-10-30', 'EL TOLDO AZUL COMPRAS', 3500.00, NULL, 'gasto', '2025-11-06 21:30:42.082221+00', '2025-11-30 22:28:30.496257+00', 'b11b5575-e510-4f9b-9019-7d9140cad19f', NULL, 1, 2025, 12, NULL);
INSERT INTO public.transactions VALUES ('9c5d738f-62ab-4c76-a0b7-998dacb40fcb', 'd7c5ec30-b2d6-4658-aefb-918bdaf5b70e', '2025-10-30', 'MERCADOPAGO *BIJOUCHI COMPRAS', 4990.00, NULL, 'gasto', '2025-11-06 21:30:42.085255+00', '2025-11-30 22:28:30.496257+00', 'b11b5575-e510-4f9b-9019-7d9140cad19f', NULL, 1, 2025, 12, NULL);
INSERT INTO public.transactions VALUES ('a65ea644-a37a-41ff-a22b-dfd9775458b3', 'd7c5ec30-b2d6-4658-aefb-918bdaf5b70e', '2025-10-30', 'PARIS VINA DEL MAR COMPRAS', 53470.00, NULL, 'gasto', '2025-11-06 21:30:42.089847+00', '2025-11-30 22:28:30.496257+00', 'b11b5575-e510-4f9b-9019-7d9140cad19f', NULL, 1, 2025, 12, NULL);
INSERT INTO public.transactions VALUES ('fde8c388-7bd5-4d6b-bdda-cac19a787766', 'd7c5ec30-b2d6-4658-aefb-918bdaf5b70e', '2025-10-30', 'MAUI MARINA COMPRAS', 18990.00, NULL, 'gasto', '2025-11-06 21:30:42.093362+00', '2025-11-30 22:28:30.496257+00', 'b11b5575-e510-4f9b-9019-7d9140cad19f', NULL, 1, 2025, 12, NULL);
INSERT INTO public.transactions VALUES ('e0ce20e1-b6ec-4814-94f3-e4c5cc4adf1e', 'd7c5ec30-b2d6-4658-aefb-918bdaf5b70e', '2025-10-30', 'SWAROUSKI COSTANERA CE COMPRAS', 200000.00, NULL, 'gasto', '2025-11-06 21:30:42.098168+00', '2025-11-30 22:28:30.496257+00', 'b11b5575-e510-4f9b-9019-7d9140cad19f', NULL, 1, 2025, 12, NULL);
INSERT INTO public.transactions VALUES ('4e4ec721-35af-48b9-8e47-53b2c80ba888', 'd7c5ec30-b2d6-4658-aefb-918bdaf5b70e', '2025-10-30', 'PAYU *UBER TRIP COMPRAS', 2162.00, NULL, 'gasto', '2025-11-06 21:30:42.101318+00', '2025-11-30 22:28:30.496257+00', 'b11b5575-e510-4f9b-9019-7d9140cad19f', NULL, 1, 2025, 12, NULL);
INSERT INTO public.transactions VALUES ('c192a164-a4dd-48ad-a2fa-eb076cc59d37', 'd7c5ec30-b2d6-4658-aefb-918bdaf5b70e', '2025-10-30', 'VARSOVIENNE ISIDORA COMPRAS', 24792.00, NULL, 'gasto', '2025-11-06 21:30:42.104227+00', '2025-11-30 22:28:30.496257+00', 'b11b5575-e510-4f9b-9019-7d9140cad19f', NULL, 1, 2025, 12, NULL);
INSERT INTO public.transactions VALUES ('8a0cc1d1-6185-46ae-bf2c-7ee19583340c', 'd7c5ec30-b2d6-4658-aefb-918bdaf5b70e', '2025-10-30', 'VARSOVIENNE ISIDORA COMPRAS', 5592.00, NULL, 'gasto', '2025-11-06 21:30:42.110688+00', '2025-11-30 22:28:30.496257+00', 'b11b5575-e510-4f9b-9019-7d9140cad19f', NULL, 1, 2025, 12, NULL);
INSERT INTO public.transactions VALUES ('0f0af120-7337-43d3-b2e8-b0911cc39c7f', 'd7c5ec30-b2d6-4658-aefb-918bdaf5b70e', '2025-11-01', 'PLAYA LICORES Y ROCK COMPRAS', 16800.00, NULL, 'gasto', '2025-11-06 21:30:42.058455+00', '2025-11-30 22:28:30.496257+00', 'b11b5575-e510-4f9b-9019-7d9140cad19f', 72, 1, 2025, 12, NULL);
INSERT INTO public.transactions VALUES ('6dcb3fa3-8353-4ccd-a7f7-eb0bb23d67be', 'd7c5ec30-b2d6-4658-aefb-918bdaf5b70e', '2025-12-07', 'BAKERY LYNCH VALPARAISO CHL', 24565.00, 'Sin categorizar', 'gasto', '2025-12-09 03:24:18.579824+00', '2025-12-09 03:24:18.579824+00', '3ff6edbb-ae6f-4d3a-8d86-ec8a99116f3d', NULL, 1, 2026, 1, '{"from": "Banco de Chile <enviodigital@bancochile.cl>", "hora": "11:52", "banco": "banco_chile", "source": "email_sync", "snippet": "Rodrigo Andres Pizarro Leeson: Te informamos que se ha realizado una compra por $24.565 con Tarjeta de Crédito ****3076 en BAKERY LYNCH VALPARAISO CHL el 07/12/2025 11:52. Revisa Saldos y Movimientos", "subject": "Compra con Tarjeta de Crédito", "email_id": "19af94d0d5c4329e", "parsed_at": "2025-12-09T03:24:18.608Z", "tipo_tarjeta": "mastercard", "tipo_transaccion": "compra_tc", "tarjeta_ultimos_4": "3076"}');
INSERT INTO public.transactions VALUES ('23750980-0f8c-4c19-a969-e45224c4b6ed', 'd7c5ec30-b2d6-4658-aefb-918bdaf5b70e', '2025-12-06', 'TUU*COMERCIAL BARTSCH VINA DEL MAR CHL', 4470.00, 'Sin categorizar', 'gasto', '2025-12-09 03:24:18.579824+00', '2025-12-09 03:24:18.579824+00', '41904f62-fea8-4a46-bb84-e8b82e33c6b3', NULL, 1, 2026, 1, '{"from": "Banco de Chile <enviodigital@bancochile.cl>", "hora": "16:13", "banco": "banco_chile", "source": "email_sync", "snippet": "Rodrigo Andres Pizarro Leeson: Te informamos que se ha realizado una compra por $4.470 con Tarjeta de Crédito ****3076 en TUU*COMERCIAL BARTSCH VINA DEL MAR CHL el 06/12/2025 16:13. Revisa Saldos y", "subject": "Compra con Tarjeta de Crédito", "email_id": "19af51594a0009d8", "parsed_at": "2025-12-09T03:24:18.615Z", "tipo_tarjeta": "mastercard", "tipo_transaccion": "compra_tc", "tarjeta_ultimos_4": "3076"}');
INSERT INTO public.transactions VALUES ('ecb1a0b6-6bfc-47ca-9be7-abb5dc6f9770', 'd7c5ec30-b2d6-4658-aefb-918bdaf5b70e', '2025-11-29', 'MP KOMBUCHU           Las Condes    CHL', 25900.00, NULL, 'gasto', '2025-12-01 03:52:58.481923+00', '2025-12-02 00:59:15.530326+00', '953c91b5-d987-4601-8320-d00ce80021e8', 71, 1, 2026, 1, NULL);
INSERT INTO public.transactions VALUES ('d736753c-f313-4dd3-a02f-a4cea337a6f0', 'd7c5ec30-b2d6-4658-aefb-918bdaf5b70e', '2025-11-29', 'UNIMARC 4 PONIENTE     VINA DEL MAR  CHL', 19387.00, NULL, 'gasto', '2025-12-01 03:52:58.479358+00', '2025-12-02 00:59:23.029148+00', '953c91b5-d987-4601-8320-d00ce80021e8', 71, 1, 2026, 1, NULL);
INSERT INTO public.transactions VALUES ('aacb16bc-52ad-4ea3-9967-5a43af8050cd', 'd7c5ec30-b2d6-4658-aefb-918bdaf5b70e', '2025-11-29', 'UNIMARC 4 PONIENTE     VINA DEL MAR  CHL', 27993.00, NULL, 'gasto', '2025-12-01 03:52:58.476916+00', '2025-12-02 00:59:28.102341+00', '953c91b5-d987-4601-8320-d00ce80021e8', 71, 1, 2026, 1, NULL);
INSERT INTO public.transactions VALUES ('0b4ab9e9-3aa6-447c-a0d6-fef914471f5e', 'd7c5ec30-b2d6-4658-aefb-918bdaf5b70e', '2025-12-06', 'PLAYA LICORES Y ROCK A VALPARAISO CHL', 21700.00, 'Sin categorizar', 'gasto', '2025-12-09 03:24:18.579824+00', '2025-12-09 03:24:18.579824+00', '8291c66d-d44d-4a14-8176-11460e415a35', NULL, 1, 2026, 1, '{"from": "Banco de Chile <enviodigital@bancochile.cl>", "hora": "15:59", "banco": "banco_chile", "source": "email_sync", "snippet": "Rodrigo Andres Pizarro Leeson: Te informamos que se ha realizado una compra por $21.700 con Tarjeta de Crédito ****3076 en PLAYA LICORES Y ROCK A VALPARAISO CHL el 06/12/2025 15:59. Revisa Saldos y", "subject": "Compra con Tarjeta de Crédito", "email_id": "19af50911530d173", "parsed_at": "2025-12-09T03:24:18.620Z", "tipo_tarjeta": "mastercard", "tipo_transaccion": "compra_tc", "tarjeta_ultimos_4": "3076"}');
INSERT INTO public.transactions VALUES ('e4e6097f-c92b-405f-a415-a0268ae4bc7a', 'd7c5ec30-b2d6-4658-aefb-918bdaf5b70e', '2025-11-28', 'MERCADOPAGO BAKERYSP  Las Condes    CHL', 3990.00, NULL, 'gasto', '2025-12-01 03:52:58.503258+00', '2025-12-02 00:59:48.913791+00', '953c91b5-d987-4601-8320-d00ce80021e8', 71, 1, 2026, 1, NULL);
INSERT INTO public.transactions VALUES ('96beb905-a16d-4fdc-8fa0-6e74cd069adc', 'd7c5ec30-b2d6-4658-aefb-918bdaf5b70e', '2025-11-28', 'TUUCLINICA MILOS VINA VINA DEL MAR  CHL', 97000.00, NULL, 'gasto', '2025-12-01 03:52:58.500964+00', '2025-12-02 00:59:53.514783+00', '953c91b5-d987-4601-8320-d00ce80021e8', 11, 1, 2026, 1, NULL);
INSERT INTO public.transactions VALUES ('ec08f705-fe99-4355-95a8-40287613cbeb', 'd7c5ec30-b2d6-4658-aefb-918bdaf5b70e', '2025-11-28', 'BOGARIN                VINA DEL MAR  CHL', 7200.00, NULL, 'gasto', '2025-12-01 03:52:58.497907+00', '2025-12-02 00:59:57.551092+00', '953c91b5-d987-4601-8320-d00ce80021e8', 7, 1, 2026, 1, NULL);
INSERT INTO public.transactions VALUES ('a53186f6-55bb-4f8f-8482-59805dc59fc6', 'd7c5ec30-b2d6-4658-aefb-918bdaf5b70e', '2025-11-28', 'MMA ONECLICK COPEC     VINA DEL MAR  CHL', 2600.00, NULL, 'gasto', '2025-12-01 03:52:58.495743+00', '2025-12-02 01:00:09.187872+00', '953c91b5-d987-4601-8320-d00ce80021e8', 9, 1, 2026, 1, NULL);
INSERT INTO public.transactions VALUES ('c91ad2d6-be92-4d47-a88c-3e05921cfda3', 'd7c5ec30-b2d6-4658-aefb-918bdaf5b70e', '2025-11-28', 'FALABELLA VINA MALL    VINA DEL MAR  CHL', 47180.00, NULL, 'gasto', '2025-12-01 03:52:58.493178+00', '2025-12-02 01:00:14.839244+00', '953c91b5-d987-4601-8320-d00ce80021e8', 11, 1, 2026, 1, NULL);
INSERT INTO public.transactions VALUES ('b26cc511-981f-47c7-bd8c-ecd4dc11e3f5', 'd7c5ec30-b2d6-4658-aefb-918bdaf5b70e', '2025-11-28', 'DL     HELP.HBOMAX.CO SANTIAGO      CHL', 14990.00, NULL, 'gasto', '2025-12-01 03:52:58.490944+00', '2025-12-02 01:00:27.437371+00', '953c91b5-d987-4601-8320-d00ce80021e8', 8, 1, 2026, 1, NULL);
INSERT INTO public.transactions VALUES ('12fb1cd9-040d-4873-bf5d-7253b1bc7863', 'd7c5ec30-b2d6-4658-aefb-918bdaf5b70e', '2025-11-28', 'LCDLC MARINA VINA      VALPARAISO    CHL', 8743.00, NULL, 'gasto', '2025-12-01 03:52:58.488836+00', '2025-12-02 01:00:32.008932+00', '953c91b5-d987-4601-8320-d00ce80021e8', 11, 1, 2026, 1, NULL);
INSERT INTO public.transactions VALUES ('4239c9ac-2505-4305-b6be-847645871b86', 'd7c5ec30-b2d6-4658-aefb-918bdaf5b70e', '2025-11-28', 'TOOIS MARINA SPA       VALPARAISO    CHL', 12490.00, NULL, 'gasto', '2025-12-01 03:52:58.486571+00', '2025-12-02 01:00:34.4733+00', '953c91b5-d987-4601-8320-d00ce80021e8', 11, 1, 2026, 1, NULL);
INSERT INTO public.transactions VALUES ('f05b798d-04fc-4ffd-95e0-725e00ff62cf', 'd7c5ec30-b2d6-4658-aefb-918bdaf5b70e', '2025-11-28', 'BOGARIN                VINA DEL MAR  CHL', 4300.00, NULL, 'gasto', '2025-12-01 03:52:58.484238+00', '2025-12-02 01:00:36.99306+00', '953c91b5-d987-4601-8320-d00ce80021e8', 7, 1, 2026, 1, NULL);
INSERT INTO public.transactions VALUES ('37b61376-a813-400b-ab19-d094012e9661', 'd7c5ec30-b2d6-4658-aefb-918bdaf5b70e', '2025-12-01', 'PAYU *UBER TRIP SANTIAGO CHL', 2276.00, 'Sin categorizar', 'gasto', '2025-12-01 14:39:24.835595+00', '2025-12-08 18:02:46.063927+00', '7f858b47-88ae-466e-ae8f-b9dc66f64be6', 81, 1, 2026, 1, '{"from": "Banco de Chile <enviodigital@bancochile.cl>", "hora": "05:59", "banco": "banco_chile", "source": "email_sync", "snippet": "Rodrigo Andres Pizarro Leeson: Te informamos que se ha realizado una compra por $2.276 con Tarjeta de Crédito ****3076 en PAYU *UBER TRIP SANTIAGO CHL el 01/12/2025 05:59. Revisa Saldos y Movimientos", "subject": "Compra con Tarjeta de Crédito", "email_id": "19ad92381cd8236c", "parsed_at": "2025-12-01T14:39:24.839Z", "tipo_tarjeta": "mastercard", "tipo_transaccion": "compra_tc", "tarjeta_ultimos_4": "3076"}');
INSERT INTO public.transactions VALUES ('58395fe6-0632-4d24-98e5-b10ad7dedce6', 'd7c5ec30-b2d6-4658-aefb-918bdaf5b70e', '2025-12-02', 'PETROBRAS METRO PAJARI SANTIAGO CHL', 3380.00, 'Sin categorizar', 'gasto', '2025-12-03 03:10:16.051254+00', '2025-12-08 18:02:46.063927+00', '67c0b61f-b07d-4e96-8304-577b89af8452', 81, 1, 2026, 1, '{"from": "Banco de Chile <enviodigital@bancochile.cl>", "hora": "19:04", "banco": "banco_chile", "source": "email_sync", "snippet": "Rodrigo Andres Pizarro Leeson: Te informamos que se ha realizado una compra por $3.380 con Tarjeta de Crédito ****3076 en PETROBRAS METRO PAJARI SANTIAGO CHL el 02/12/2025 19:04. Revisa Saldos y", "subject": "Compra con Tarjeta de Crédito", "email_id": "19ae118f54ec08eb", "parsed_at": "2025-12-03T03:10:16.124Z", "tipo_tarjeta": "mastercard", "tipo_transaccion": "compra_tc", "tarjeta_ultimos_4": "3076"}');
INSERT INTO public.transactions VALUES ('09e694c1-949f-47e7-ac52-aefff07ae0e3', 'd7c5ec30-b2d6-4658-aefb-918bdaf5b70e', '2025-12-03', 'APP COPEC BIP! SANTIAGO CHL', 1740.00, 'Sin categorizar', 'gasto', '2025-12-04 01:35:17.363855+00', '2025-12-08 18:02:46.063927+00', '86109dc4-8a9b-486e-a0ea-fd6ef0781641', 81, 1, 2026, 1, '{"from": "Banco de Chile <enviodigital@bancochile.cl>", "hora": "01:03", "banco": "banco_chile", "source": "email_sync", "snippet": "Rodrigo Andres Pizarro Leeson: Te informamos que se ha realizado una compra por $1.740 con Tarjeta de Crédito ****3076 en APP COPEC BIP! SANTIAGO CHL el 03/12/2025 01:03. Revisa Saldos y Movimientos en", "subject": "Compra con Tarjeta de Crédito", "email_id": "19ae2617ffd63a2d", "parsed_at": "2025-12-04T01:35:17.383Z", "tipo_tarjeta": "mastercard", "tipo_transaccion": "compra_tc", "tarjeta_ultimos_4": "3076"}');
INSERT INTO public.transactions VALUES ('5bd447c5-9694-4911-8a5f-56cef932b42e', 'd7c5ec30-b2d6-4658-aefb-918bdaf5b70e', '2025-12-04', 'SANTA ISABEL OLMUE OLMUE CHL', 16977.00, 'Sin categorizar', 'gasto', '2025-12-05 23:13:20.551828+00', '2025-12-09 02:30:07.681792+00', '2de17986-4705-4114-b93a-064ab4d50bac', 71, 1, 2026, 1, '{"from": "Banco de Chile <enviodigital@bancochile.cl>", "hora": "10:53", "banco": "banco_chile", "source": "email_sync", "snippet": "Rodrigo Andres Pizarro Leeson: Te informamos que se ha realizado una compra por $16.977 con Tarjeta de Crédito ****4478 en SANTA ISABEL OLMUE OLMUE CHL el 04/12/2025 10:53. Revisa Saldos y Movimientos", "subject": "Compra con Tarjeta de Crédito", "email_id": "19ae9a4157107198", "parsed_at": "2025-12-05T23:13:20.626Z", "tipo_tarjeta": "mastercard", "tipo_transaccion": "compra_tc", "tarjeta_ultimos_4": "4478"}');
INSERT INTO public.transactions VALUES ('351b3bbc-279d-4502-9033-aa43a2e2473f', 'd7c5ec30-b2d6-4658-aefb-918bdaf5b70e', '2025-12-04', 'MERVAL VINA DEL MAR VINA DEL MAR CHL', 1000.00, 'Sin categorizar', 'gasto', '2025-12-05 23:13:20.551828+00', '2025-12-09 02:30:12.963654+00', '3da43b30-62ad-43f6-9720-eaa303309bf5', 71, 1, 2026, 1, '{"from": "Banco de Chile <enviodigital@bancochile.cl>", "hora": "09:15", "banco": "banco_chile", "source": "email_sync", "snippet": "Rodrigo Andres Pizarro Leeson: Te informamos que se ha realizado una compra por $1.000 con Tarjeta de Crédito ****4478 en MERVAL VINA DEL MAR VINA DEL MAR CHL el 04/12/2025 09:15. Revisa Saldos y", "subject": "Compra con Tarjeta de Crédito", "email_id": "19ae94a6b04915a9", "parsed_at": "2025-12-05T23:13:20.629Z", "tipo_tarjeta": "mastercard", "tipo_transaccion": "compra_tc", "tarjeta_ultimos_4": "4478"}');
INSERT INTO public.transactions VALUES ('a1852de6-dae9-4df2-92dc-4dd637a9372d', 'd7c5ec30-b2d6-4658-aefb-918bdaf5b70e', '2025-12-04', 'PAYU *UBER TRIP SANTIAGO CHL', 3261.00, 'Sin categorizar', 'gasto', '2025-12-05 23:13:20.551828+00', '2025-12-09 02:30:19.994111+00', '55e6676d-31e1-4d0a-b412-f4074680a4f2', 79, 1, 2026, 1, '{"from": "Banco de Chile <enviodigital@bancochile.cl>", "hora": "08:58", "banco": "banco_chile", "source": "email_sync", "snippet": "Rodrigo Andres Pizarro Leeson: Te informamos que se ha realizado una compra por $3.261 con Tarjeta de Crédito ****3076 en PAYU *UBER TRIP SANTIAGO CHL el 04/12/2025 08:58. Revisa Saldos y Movimientos", "subject": "Compra con Tarjeta de Crédito", "email_id": "19ae93afb8f92116", "parsed_at": "2025-12-05T23:13:20.632Z", "tipo_tarjeta": "mastercard", "tipo_transaccion": "compra_tc", "tarjeta_ultimos_4": "3076"}');
INSERT INTO public.transactions VALUES ('5b4081a7-52eb-471e-8496-571f93768517', 'd7c5ec30-b2d6-4658-aefb-918bdaf5b70e', '2025-12-04', 'LIDER.CL COMPRA DIRECT SANTIAGO CHL', 65690.00, 'Sin categorizar', 'gasto', '2025-12-05 23:13:20.551828+00', '2025-12-09 02:30:22.855004+00', 'a928464d-b769-4162-8912-079e8b9ee6c6', 71, 1, 2026, 1, '{"from": "Banco de Chile <enviodigital@bancochile.cl>", "hora": "02:03", "banco": "banco_chile", "source": "email_sync", "snippet": "Rodrigo Andres Pizarro Leeson: Te informamos que se ha realizado una compra por $65.690 con Tarjeta de Crédito ****3076 en LIDER.CL COMPRA DIRECT SANTIAGO CHL el 04/12/2025 02:03. Revisa Saldos y", "subject": "Compra con Tarjeta de Crédito", "email_id": "19ae7be9c44eac50", "parsed_at": "2025-12-05T23:13:20.635Z", "tipo_tarjeta": "mastercard", "tipo_transaccion": "compra_tc", "tarjeta_ultimos_4": "3076"}');
INSERT INTO public.transactions VALUES ('b24037cf-84d1-44f0-9ee4-9072f583caac', 'd7c5ec30-b2d6-4658-aefb-918bdaf5b70e', '2025-12-03', 'PRACTICATEST CHILE SPA SANTIAGO CHL', 3750.00, 'Sin categorizar', 'gasto', '2025-12-05 23:13:20.551828+00', '2025-12-09 02:30:39.274124+00', '4f3d7398-c68f-4642-bd87-167e9e58556a', 79, 1, 2026, 1, '{"from": "Banco de Chile <enviodigital@bancochile.cl>", "hora": "23:03", "banco": "banco_chile", "source": "email_sync", "snippet": "Rodrigo Andres Pizarro Leeson: Te informamos que se ha realizado una compra por $3.750 con Tarjeta de Crédito ****3076 en PRACTICATEST CHILE SPA SANTIAGO CHL el 03/12/2025 23:03. Revisa Saldos y", "subject": "Compra con Tarjeta de Crédito", "email_id": "19ae71a3db9426bd", "parsed_at": "2025-12-05T23:13:20.637Z", "tipo_tarjeta": "mastercard", "tipo_transaccion": "compra_tc", "tarjeta_ultimos_4": "3076"}');
INSERT INTO public.transactions VALUES ('970b0e08-2cfa-44dc-b938-0903a6e93d3c', 'd7c5ec30-b2d6-4658-aefb-918bdaf5b70e', '2025-12-01', 'DP *FALABELLA.COM SANTIAGO CHL', 106930.00, 'Sin categorizar', 'gasto', '2025-12-01 03:41:17.185198+00', '2025-12-08 18:02:46.063927+00', 'be34603a-2d1f-444a-919d-27fe74da5747', 81, 1, 2026, 1, '{"from": "Banco de Chile <enviodigital@bancochile.cl>", "hora": "00:36", "banco": "banco_chile", "source": "email_sync", "snippet": "Rodrigo Andres Pizarro Leeson: Te informamos que se ha realizado una compra por $106.930 con Tarjeta de Crédito ****3076 en DP *FALABELLA.COM SANTIAGO CHL el 01/12/2025 00:36. Revisa Saldos y", "subject": "Compra con Tarjeta de Crédito", "email_id": "19ad7fbedb1aea21", "parsed_at": "2025-12-01T03:41:17.190Z", "tipo_tarjeta": "mastercard", "tipo_transaccion": "compra_tc", "tarjeta_ultimos_4": "3076"}');
INSERT INTO public.transactions VALUES ('d4688097-8d89-4cf7-9ec5-62de7c428c82', 'd7c5ec30-b2d6-4658-aefb-918bdaf5b70e', '2025-11-30', 'LA FABRICA VALPARAISO CHL', 7800.00, 'Sin categorizar', 'gasto', '2025-12-01 01:49:50.183398+00', '2025-12-08 18:02:46.063927+00', '7d6f1c8e-aefe-4023-8651-5d886bd0699d', 81, 1, 2026, 1, '{"from": "Banco de Chile <enviodigital@bancochile.cl>", "hora": "16:55", "banco": "banco_chile", "source": "email_sync", "snippet": "Rodrigo Andres Pizarro Leeson: Te informamos que se ha realizado una compra por $7.800 con Tarjeta de Crédito ****3076 en LA FABRICA VALPARAISO CHL el 30/11/2025 16:55. Revisa Saldos y Movimientos en", "subject": "Compra con Tarjeta de Crédito", "email_id": "19ad65582697c2a1", "parsed_at": "2025-12-01T01:49:50.189Z", "tipo_tarjeta": "mastercard", "tipo_transaccion": "compra_tc", "tarjeta_ultimos_4": "3076"}');
INSERT INTO public.transactions VALUES ('48b85f2e-8ffb-4862-898b-a636d28fc44e', 'd7c5ec30-b2d6-4658-aefb-918bdaf5b70e', '2025-12-01', 'PedidosYa*Aleppo Fatay CL CHL', 14520.00, 'Sin categorizar', 'gasto', '2025-12-02 00:58:27.630198+00', '2025-12-08 18:02:46.063927+00', '3ca56ea7-46ed-4c9e-82e6-1f00f68442e8', 81, 1, 2026, 1, '{"from": "Banco de Chile <enviodigital@bancochile.cl>", "hora": "21:57", "banco": "banco_chile", "source": "email_sync", "snippet": "Rodrigo Andres Pizarro Leeson: Te informamos que se ha realizado una compra por $14.520 con Tarjeta de Crédito ****3076 en PedidosYa*Aleppo Fatay CL CHL el 01/12/2025 21:57. Revisa Saldos y Movimientos", "subject": "Compra con Tarjeta de Crédito", "email_id": "19adc90b99f0dce9", "parsed_at": "2025-12-02T00:58:27.635Z", "tipo_tarjeta": "mastercard", "tipo_transaccion": "compra_tc", "tarjeta_ultimos_4": "3076"}');
INSERT INTO public.transactions VALUES ('fa590b6c-a430-477b-af98-8d5a57627629', 'd7c5ec30-b2d6-4658-aefb-918bdaf5b70e', '2025-12-01', 'PAYU *UBER TRIP SANTIAGO CHL', 2196.00, 'Sin categorizar', 'gasto', '2025-12-02 00:58:27.630198+00', '2025-12-08 18:02:46.063927+00', '93bb6b53-4990-4052-b925-b78a203d1d8d', 81, 1, 2026, 1, '{"from": "Banco de Chile <enviodigital@bancochile.cl>", "hora": "21:25", "banco": "banco_chile", "source": "email_sync", "snippet": "Rodrigo Andres Pizarro Leeson: Te informamos que se ha realizado una compra por $2.196 con Tarjeta de Crédito ****3076 en PAYU *UBER TRIP SANTIAGO CHL el 01/12/2025 21:25. Revisa Saldos y Movimientos", "subject": "Compra con Tarjeta de Crédito", "email_id": "19adc73a24479fdd", "parsed_at": "2025-12-02T00:58:27.639Z", "tipo_tarjeta": "mastercard", "tipo_transaccion": "compra_tc", "tarjeta_ultimos_4": "3076"}');
INSERT INTO public.transactions VALUES ('ae378402-7e20-4578-aab6-ced50224c156', 'd7c5ec30-b2d6-4658-aefb-918bdaf5b70e', '2025-12-01', 'TIENDA MUNDO RURAL SANTIAGO CHL', 1990.00, 'Sin categorizar', 'gasto', '2025-12-02 00:58:27.630198+00', '2025-12-08 18:02:46.063927+00', '37b3094e-637c-428d-8760-5a6f18f57c44', 81, 1, 2026, 1, '{"from": "Banco de Chile <enviodigital@bancochile.cl>", "hora": "19:34", "banco": "banco_chile", "source": "email_sync", "snippet": "Rodrigo Andres Pizarro Leeson: Te informamos que se ha realizado una compra por $1.990 con Tarjeta de Crédito ****3076 en TIENDA MUNDO RURAL SANTIAGO CHL el 01/12/2025 19:34. Revisa Saldos y", "subject": "Compra con Tarjeta de Crédito", "email_id": "19adc0e3d086ea04", "parsed_at": "2025-12-02T00:58:27.642Z", "tipo_tarjeta": "mastercard", "tipo_transaccion": "compra_tc", "tarjeta_ultimos_4": "3076"}');
INSERT INTO public.transactions VALUES ('674bf230-a0e4-4306-b1a5-6239b318df43', 'd7c5ec30-b2d6-4658-aefb-918bdaf5b70e', '2025-12-01', 'DP *FALABELLA.COM SANTIAGO CHL', 40790.00, 'Sin categorizar', 'gasto', '2025-12-02 03:16:13.647313+00', '2025-12-08 18:02:46.063927+00', '34c6a356-dd7c-4c49-8d35-05513afc9d0f', 81, 1, 2026, 1, '{"from": "Banco de Chile <enviodigital@bancochile.cl>", "hora": "22:11", "banco": "banco_chile", "source": "email_sync", "snippet": "Rodrigo Andres Pizarro Leeson: Te informamos que se ha realizado una compra por $40.790 con Tarjeta de Crédito ****3076 en DP *FALABELLA.COM SANTIAGO CHL el 01/12/2025 22:11. Revisa Saldos y", "subject": "Compra con Tarjeta de Crédito", "email_id": "19adc9d7281bbda2", "parsed_at": "2025-12-02T03:16:13.651Z", "tipo_tarjeta": "mastercard", "tipo_transaccion": "compra_tc", "tarjeta_ultimos_4": "3076"}');
INSERT INTO public.transactions VALUES ('96612c9d-cc95-4bbc-b4d1-ce45e9ce90c8', 'd7c5ec30-b2d6-4658-aefb-918bdaf5b70e', '2025-12-02', 'PAYU *UBER TRIP SANTIAGO CHL', 2273.00, 'Sin categorizar', 'gasto', '2025-12-03 03:10:16.051254+00', '2025-12-08 18:02:46.063927+00', '8dca1101-812a-4c26-8706-d6545c13e302', 81, 1, 2026, 1, '{"from": "Banco de Chile <enviodigital@bancochile.cl>", "hora": "21:05", "banco": "banco_chile", "source": "email_sync", "snippet": "Rodrigo Andres Pizarro Leeson: Te informamos que se ha realizado una compra por $2.273 con Tarjeta de Crédito ****3076 en PAYU *UBER TRIP SANTIAGO CHL el 02/12/2025 21:05. Revisa Saldos y Movimientos", "subject": "Compra con Tarjeta de Crédito", "email_id": "19ae1874713f7383", "parsed_at": "2025-12-03T03:10:16.119Z", "tipo_tarjeta": "mastercard", "tipo_transaccion": "compra_tc", "tarjeta_ultimos_4": "3076"}');
INSERT INTO public.transactions VALUES ('4f5743b5-dee0-4ae0-9776-749fd72580b2', 'd7c5ec30-b2d6-4658-aefb-918bdaf5b70e', '2025-12-02', 'FARM. AHUMADA SPA L703 VINA DEL MAR CHL', 7996.00, 'Sin categorizar', 'gasto', '2025-12-03 03:10:16.051254+00', '2025-12-08 18:02:46.063927+00', '28c78c11-c8fe-41df-b41a-0f7f60c399fc', 81, 1, 2026, 1, '{"from": "Banco de Chile <enviodigital@bancochile.cl>", "hora": "19:32", "banco": "banco_chile", "source": "email_sync", "snippet": "Rodrigo Andres Pizarro Leeson: Te informamos que se ha realizado una compra por $7.996 con Tarjeta de Crédito ****4478 en FARM. AHUMADA SPA L703 VINA DEL MAR CHL el 02/12/2025 19:32. Revisa Saldos y", "subject": "Compra con Tarjeta de Crédito", "email_id": "19ae1328ede09997", "parsed_at": "2025-12-03T03:10:16.122Z", "tipo_tarjeta": "mastercard", "tipo_transaccion": "compra_tc", "tarjeta_ultimos_4": "4478"}');
INSERT INTO public.transactions VALUES ('fe7c72b3-bcb5-4c67-a521-c4554295c203', 'd7c5ec30-b2d6-4658-aefb-918bdaf5b70e', '2025-12-02', 'MERCADOPAGO *PANLEONM Las Condes CHL', 700.00, 'Sin categorizar', 'gasto', '2025-12-03 03:10:16.051254+00', '2025-12-08 18:02:46.063927+00', '2ddd9cb6-a547-49ec-a173-eb93d2620b7d', 81, 1, 2026, 1, '{"from": "Banco de Chile <enviodigital@bancochile.cl>", "hora": "18:28", "banco": "banco_chile", "source": "email_sync", "snippet": "Rodrigo Andres Pizarro Leeson: Te informamos que se ha realizado una compra por $700 con Tarjeta de Crédito ****3076 en MERCADOPAGO *PANLEONM Las Condes CHL el 02/12/2025 18:28. Revisa Saldos y", "subject": "Compra con Tarjeta de Crédito", "email_id": "19ae0f7a4097e5d8", "parsed_at": "2025-12-03T03:10:16.128Z", "tipo_tarjeta": "mastercard", "tipo_transaccion": "compra_tc", "tarjeta_ultimos_4": "3076"}');
INSERT INTO public.transactions VALUES ('006159b3-b107-483d-ba82-8f5449ece89a', 'd7c5ec30-b2d6-4658-aefb-918bdaf5b70e', '2025-12-02', 'MERCADOPAGO *BAKERYSP Las Condes CHL', 3990.00, 'Sin categorizar', 'gasto', '2025-12-03 03:10:16.051254+00', '2025-12-08 18:02:46.063927+00', 'c033147f-0b30-41c2-bbc3-889dd54e09d4', 81, 1, 2026, 1, '{"from": "Banco de Chile <enviodigital@bancochile.cl>", "hora": "10:57", "banco": "banco_chile", "source": "email_sync", "snippet": "Rodrigo Andres Pizarro Leeson: Te informamos que se ha realizado una compra por $3.990 con Tarjeta de Crédito ****4478 en MERCADOPAGO *BAKERYSP Las Condes CHL el 02/12/2025 10:57. Revisa Saldos y", "subject": "Compra con Tarjeta de Crédito", "email_id": "19adf5a7064f9a62", "parsed_at": "2025-12-03T03:10:16.131Z", "tipo_tarjeta": "mastercard", "tipo_transaccion": "compra_tc", "tarjeta_ultimos_4": "4478"}');
INSERT INTO public.transactions VALUES ('631be7c7-f539-41d1-b429-efcdac63ea03', 'd7c5ec30-b2d6-4658-aefb-918bdaf5b70e', '2025-12-02', 'MAXIK PROVIDENCIA CHL', 1190.00, 'Sin categorizar', 'gasto', '2025-12-03 03:10:16.051254+00', '2025-12-08 18:02:46.063927+00', 'a248696d-6eb2-4600-9ce8-e776f37ed76a', 81, 1, 2026, 1, '{"from": "Banco de Chile <enviodigital@bancochile.cl>", "hora": "08:44", "banco": "banco_chile", "source": "email_sync", "snippet": "Rodrigo Andres Pizarro Leeson: Te informamos que se ha realizado una compra por $1.190 con Tarjeta de Crédito ****3076 en MAXIK PROVIDENCIA CHL el 02/12/2025 08:44. Revisa Saldos y Movimientos en App", "subject": "Compra con Tarjeta de Crédito", "email_id": "19adee153ce9ad29", "parsed_at": "2025-12-03T03:10:16.135Z", "tipo_tarjeta": "mastercard", "tipo_transaccion": "compra_tc", "tarjeta_ultimos_4": "3076"}');
INSERT INTO public.transactions VALUES ('1b3e4b47-0730-4fc4-84ab-e08f76eba723', 'd7c5ec30-b2d6-4658-aefb-918bdaf5b70e', '2025-12-02', 'PAYU *UBER TRIP SANTIAGO CHL', 2289.00, 'Sin categorizar', 'gasto', '2025-12-03 03:10:16.051254+00', '2025-12-08 18:02:46.063927+00', '3231682b-877b-4242-8438-5f7a42d2343b', 81, 1, 2026, 1, '{"from": "Banco de Chile <enviodigital@bancochile.cl>", "hora": "06:20", "banco": "banco_chile", "source": "email_sync", "snippet": "Rodrigo Andres Pizarro Leeson: Te informamos que se ha realizado una compra por $2.289 con Tarjeta de Crédito ****3076 en PAYU *UBER TRIP SANTIAGO CHL el 02/12/2025 06:20. Revisa Saldos y Movimientos", "subject": "Compra con Tarjeta de Crédito", "email_id": "19ade5daaf0f6c3d", "parsed_at": "2025-12-03T03:10:16.139Z", "tipo_tarjeta": "mastercard", "tipo_transaccion": "compra_tc", "tarjeta_ultimos_4": "3076"}');
INSERT INTO public.transactions VALUES ('80466eed-2561-4c74-8214-f83dd8ed4fee', 'd7c5ec30-b2d6-4658-aefb-918bdaf5b70e', '2025-12-02', 'APP COPEC BIP! SANTIAGO CHL', 1740.00, 'Sin categorizar', 'gasto', '2025-12-03 03:10:16.051254+00', '2025-12-08 18:02:46.063927+00', '16e765bf-96a4-4b97-92ca-3762fc2b274c', 81, 1, 2026, 1, '{"from": "Banco de Chile <enviodigital@bancochile.cl>", "hora": "01:03", "banco": "banco_chile", "source": "email_sync", "snippet": "Rodrigo Andres Pizarro Leeson: Te informamos que se ha realizado una compra por $1.740 con Tarjeta de Crédito ****3076 en APP COPEC BIP! SANTIAGO CHL el 02/12/2025 01:03. Revisa Saldos y Movimientos en", "subject": "Compra con Tarjeta de Crédito", "email_id": "19add3b4775f8d7b", "parsed_at": "2025-12-03T03:10:16.141Z", "tipo_tarjeta": "mastercard", "tipo_transaccion": "compra_tc", "tarjeta_ultimos_4": "3076"}');
INSERT INTO public.transactions VALUES ('d7fb4675-fd89-4a88-94e8-20884780abd1', 'd7c5ec30-b2d6-4658-aefb-918bdaf5b70e', '2025-12-02', 'PedidosYa*Otra Cozza - CL CHL', 31240.00, 'Sin categorizar', 'gasto', '2025-12-03 03:10:16.051254+00', '2025-12-08 18:02:46.063927+00', '99b24585-89e5-45df-855c-6682b804289b', 81, 1, 2026, 1, '{"from": "Banco de Chile <enviodigital@bancochile.cl>", "hora": "21:37", "banco": "banco_chile", "source": "email_sync", "snippet": "Rodrigo Andres Pizarro Leeson: Te informamos que se ha realizado una compra por $31.240 con Tarjeta de Crédito ****3076 en PedidosYa*Otra Cozza - CL CHL el 02/12/2025 21:37. Revisa Saldos y Movimientos", "subject": "Compra con Tarjeta de Crédito", "email_id": "19ae1a4b8f561e40", "parsed_at": "2025-12-03T03:10:16.115Z", "tipo_tarjeta": "mastercard", "tipo_transaccion": "compra_tc", "tarjeta_ultimos_4": "3076"}');
INSERT INTO public.transactions VALUES ('7bdf731f-c189-4918-9627-ad46db974e65', 'd7c5ec30-b2d6-4658-aefb-918bdaf5b70e', '2025-12-03', 'COPEC APP SANTIAGO CHL', 5180.00, 'Sin categorizar', 'gasto', '2025-12-04 01:35:17.363855+00', '2025-12-08 18:02:46.063927+00', '95f2db87-e638-4056-a176-3849de18282d', 81, 1, 2026, 1, '{"from": "Banco de Chile <enviodigital@bancochile.cl>", "hora": "18:14", "banco": "banco_chile", "source": "email_sync", "snippet": "Rodrigo Andres Pizarro Leeson: Te informamos que se ha realizado una compra por $5.180 con Tarjeta de Crédito ****3076 en COPEC APP SANTIAGO CHL el 03/12/2025 18:14. Revisa Saldos y Movimientos en App", "subject": "Compra con Tarjeta de Crédito", "email_id": "19ae611ac443744c", "parsed_at": "2025-12-04T01:35:17.368Z", "tipo_tarjeta": "mastercard", "tipo_transaccion": "compra_tc", "tarjeta_ultimos_4": "3076"}');
INSERT INTO public.transactions VALUES ('635edca2-2e6d-429f-bf80-2db816bc8b6e', 'd7c5ec30-b2d6-4658-aefb-918bdaf5b70e', '2025-12-03', 'PLAYA LICORES Y ROCK A VALPARAISO CHL', 17800.00, 'Sin categorizar', 'gasto', '2025-12-04 01:35:17.363855+00', '2025-12-08 18:02:46.063927+00', 'c6d76423-de86-48e8-aabc-a6f687944f79', 81, 1, 2026, 1, '{"from": "Banco de Chile <enviodigital@bancochile.cl>", "hora": "14:33", "banco": "banco_chile", "source": "email_sync", "snippet": "Rodrigo Andres Pizarro Leeson: Te informamos que se ha realizado una compra por $17.800 con Tarjeta de Crédito ****4478 en PLAYA LICORES Y ROCK A VALPARAISO CHL el 03/12/2025 14:33. Revisa Saldos y", "subject": "Compra con Tarjeta de Crédito", "email_id": "19ae546e49de93f4", "parsed_at": "2025-12-04T01:35:17.376Z", "tipo_tarjeta": "mastercard", "tipo_transaccion": "compra_tc", "tarjeta_ultimos_4": "4478"}');
INSERT INTO public.transactions VALUES ('0c76f23a-64ec-4c2b-935c-14feb1563b09', 'd7c5ec30-b2d6-4658-aefb-918bdaf5b70e', '2025-12-03', 'UNIMARC 4 PONIENTE VINA DEL MAR CHL', 33280.00, 'Sin categorizar', 'gasto', '2025-12-04 01:35:17.363855+00', '2025-12-08 18:02:46.063927+00', '55e8498e-b411-48c4-89eb-25434a8a0b4b', 81, 1, 2026, 1, '{"from": "Banco de Chile <enviodigital@bancochile.cl>", "hora": "14:23", "banco": "banco_chile", "source": "email_sync", "snippet": "Rodrigo Andres Pizarro Leeson: Te informamos que se ha realizado una compra por $33.280 con Tarjeta de Crédito ****4478 en UNIMARC 4 PONIENTE VINA DEL MAR CHL el 03/12/2025 14:23. Revisa Saldos y", "subject": "Compra con Tarjeta de Crédito", "email_id": "19ae53df6d6e056f", "parsed_at": "2025-12-04T01:35:17.379Z", "tipo_tarjeta": "mastercard", "tipo_transaccion": "compra_tc", "tarjeta_ultimos_4": "4478"}');
INSERT INTO public.transactions VALUES ('f8dad002-7d66-434c-aae2-58af37743fe8', 'd7c5ec30-b2d6-4658-aefb-918bdaf5b70e', '2025-12-05', 'GOOGLE PLAY YOUTUBE GO LAS CONDES CHL', 1790.00, 'Sin categorizar', 'gasto', '2025-12-05 23:13:20.551828+00', '2025-12-09 02:29:32.801332+00', '0abdfe80-6a8c-43a1-a256-b17b786bc000', 76, 1, 2026, 1, '{"from": "Banco de Chile <enviodigital@bancochile.cl>", "hora": "08:44", "banco": "banco_chile", "source": "email_sync", "snippet": "Rodrigo Andres Pizarro Leeson: Te informamos que se ha realizado una compra por $1.790 con Tarjeta de Crédito ****3076 en GOOGLE PLAY YOUTUBE GO LAS CONDES CHL el 05/12/2025 08:44. Revisa Saldos y", "subject": "Compra con Tarjeta de Crédito", "email_id": "19aee544c5758b3c", "parsed_at": "2025-12-05T23:13:20.596Z", "tipo_tarjeta": "mastercard", "tipo_transaccion": "compra_tc", "tarjeta_ultimos_4": "3076"}');
INSERT INTO public.transactions VALUES ('99d2fa4b-2b4e-4408-84a5-10215adf6c0e', 'd7c5ec30-b2d6-4658-aefb-918bdaf5b70e', '2025-12-05', 'HAULMER*VMV SERVICIOS SANTIAGO CHL', 10000.00, 'Sin categorizar', 'gasto', '2025-12-05 23:13:20.551828+00', '2025-12-09 02:29:45.162858+00', 'ab83bcc5-fbcf-4206-a070-7500d9c273a2', 79, 1, 2026, 1, '{"from": "Banco de Chile <enviodigital@bancochile.cl>", "hora": "13:31", "banco": "banco_chile", "source": "email_sync", "snippet": "Rodrigo Andres Pizarro Leeson: Te informamos que se ha realizado una compra por $10.000 con Tarjeta de Crédito ****4478 en HAULMER*VMV SERVICIOS SANTIAGO CHL el 05/12/2025 13:31. Revisa Saldos y", "subject": "Compra con Tarjeta de Crédito", "email_id": "19aef5a9f42f216b", "parsed_at": "2025-12-05T23:13:20.589Z", "tipo_tarjeta": "mastercard", "tipo_transaccion": "compra_tc", "tarjeta_ultimos_4": "4478"}');
INSERT INTO public.transactions VALUES ('9253b4f3-60c4-4ef1-9077-4d97e0ae40f8', 'd7c5ec30-b2d6-4658-aefb-918bdaf5b70e', '2025-12-04', 'PANADERIA OLMUE OLMUE CHL', 1972.00, 'Sin categorizar', 'gasto', '2025-12-05 23:13:20.551828+00', '2025-12-09 02:29:49.635614+00', 'f80e0780-1fd6-4a67-9a36-e74f21951e6d', 71, 1, 2026, 1, '{"from": "Banco de Chile <enviodigital@bancochile.cl>", "hora": "10:57", "banco": "banco_chile", "source": "email_sync", "snippet": "Rodrigo Andres Pizarro Leeson: Te informamos que se ha realizado una compra por $1.972 con Tarjeta de Crédito ****4478 en PANADERIA OLMUE OLMUE CHL el 04/12/2025 10:57. Revisa Saldos y Movimientos en", "subject": "Compra con Tarjeta de Crédito", "email_id": "19ae9a7af55a2ee9", "parsed_at": "2025-12-05T23:13:20.624Z", "tipo_tarjeta": "mastercard", "tipo_transaccion": "compra_tc", "tarjeta_ultimos_4": "4478"}');
INSERT INTO public.transactions VALUES ('2949fd29-2e96-4afb-88d5-7ec4e567010f', 'd7c5ec30-b2d6-4658-aefb-918bdaf5b70e', '2025-12-04', 'COPEC APP SANTIAGO CHL', 6225.00, 'Sin categorizar', 'gasto', '2025-12-05 23:13:20.551828+00', '2025-12-09 02:29:52.17432+00', '1a9b8a6e-5aaa-459b-b590-f4bd7fe99a31', 77, 1, 2026, 1, '{"from": "Banco de Chile <enviodigital@bancochile.cl>", "hora": "21:47", "banco": "banco_chile", "source": "email_sync", "snippet": "Rodrigo Andres Pizarro Leeson: Te informamos que se ha realizado una compra por $6.225 con Tarjeta de Crédito ****3076 en COPEC APP SANTIAGO CHL el 04/12/2025 21:47. Revisa Saldos y Movimientos en App", "subject": "Compra con Tarjeta de Crédito", "email_id": "19aebfa3f39599fb", "parsed_at": "2025-12-05T23:13:20.610Z", "tipo_tarjeta": "mastercard", "tipo_transaccion": "compra_tc", "tarjeta_ultimos_4": "3076"}');
INSERT INTO public.transactions VALUES ('000ee7ef-dd76-4a5f-a2cb-e4bd3a96d9d6', 'd7c5ec30-b2d6-4658-aefb-918bdaf5b70e', '2025-12-04', 'COPEC APP SANTIAGO CHL', 54699.00, 'Sin categorizar', 'gasto', '2025-12-05 23:13:20.551828+00', '2025-12-09 02:29:55.122239+00', '67eee2c1-7cb0-4f6c-aa4d-770a2751637d', 77, 1, 2026, 1, '{"from": "Banco de Chile <enviodigital@bancochile.cl>", "hora": "21:57", "banco": "banco_chile", "source": "email_sync", "snippet": "Rodrigo Andres Pizarro Leeson: Te informamos que se ha realizado una compra por $54.699 con Tarjeta de Crédito ****3076 en COPEC APP SANTIAGO CHL el 04/12/2025 21:57. Revisa Saldos y Movimientos en App", "subject": "Compra con Tarjeta de Crédito", "email_id": "19aec03766bd0dd0", "parsed_at": "2025-12-05T23:13:20.599Z", "tipo_tarjeta": "mastercard", "tipo_transaccion": "compra_tc", "tarjeta_ultimos_4": "3076"}');
INSERT INTO public.transactions VALUES ('cd73f72d-290c-4f3c-aa90-86435823b5e0', 'd7c5ec30-b2d6-4658-aefb-918bdaf5b70e', '2025-12-04', 'LIMACHE LIMACHE CHL', 27440.00, 'Sin categorizar', 'gasto', '2025-12-05 23:13:20.551828+00', '2025-12-09 02:30:26.262303+00', 'e4fef09a-273b-4417-a888-e7c19a7f654d', 79, 1, 2026, 1, '{"from": "Banco de Chile <enviodigital@bancochile.cl>", "hora": "16:51", "banco": "banco_chile", "source": "email_sync", "snippet": "Rodrigo Andres Pizarro Leeson: Te informamos que se ha realizado una compra por $27.440 con Tarjeta de Crédito ****4478 en LIMACHE LIMACHE CHL el 04/12/2025 16:51. Revisa Saldos y Movimientos en App Mi", "subject": "Compra con Tarjeta de Crédito", "email_id": "19aeaeb85c8655f6", "parsed_at": "2025-12-05T23:13:20.621Z", "tipo_tarjeta": "mastercard", "tipo_transaccion": "compra_tc", "tarjeta_ultimos_4": "4478"}');
INSERT INTO public.transactions VALUES ('37137a4f-0057-4662-83ad-dcaa544d1e2b', 'd7c5ec30-b2d6-4658-aefb-918bdaf5b70e', '2025-12-04', 'SOCIEDAD COMERCIAL VER MARGA MARGA CHL', 9130.00, 'Sin categorizar', 'gasto', '2025-12-05 23:13:20.551828+00', '2025-12-09 02:30:28.641978+00', '486b089a-26ac-4d31-8eae-8bf9b7ddb88a', 79, 1, 2026, 1, '{"from": "Banco de Chile <enviodigital@bancochile.cl>", "hora": "17:41", "banco": "banco_chile", "source": "email_sync", "snippet": "Rodrigo Andres Pizarro Leeson: Te informamos que se ha realizado una compra por $9.130 con Tarjeta de Crédito ****4478 en SOCIEDAD COMERCIAL VER MARGA MARGA CHL el 04/12/2025 17:41. Revisa Saldos y", "subject": "Compra con Tarjeta de Crédito", "email_id": "19aeb19665e93b00", "parsed_at": "2025-12-05T23:13:20.619Z", "tipo_tarjeta": "mastercard", "tipo_transaccion": "compra_tc", "tarjeta_ultimos_4": "4478"}');
INSERT INTO public.transactions VALUES ('df28b388-65b3-4909-822c-01a1a6365ec9', 'd7c5ec30-b2d6-4658-aefb-918bdaf5b70e', '2025-12-04', 'COMBINART MARGA MARGA CHL', 9800.00, 'Sin categorizar', 'gasto', '2025-12-05 23:13:20.551828+00', '2025-12-09 02:30:56.463961+00', '7f7d5d41-9178-446b-a5df-7d2d34b5b098', 72, 1, 2026, 1, '{"from": "Banco de Chile <enviodigital@bancochile.cl>", "hora": "21:22", "banco": "banco_chile", "source": "email_sync", "snippet": "Rodrigo Andres Pizarro Leeson: Te informamos que se ha realizado una compra por $9.800 con Tarjeta de Crédito ****4478 en COMBINART MARGA MARGA CHL el 04/12/2025 21:22. Revisa Saldos y Movimientos en", "subject": "Compra con Tarjeta de Crédito", "email_id": "19aebe3f573c5cd0", "parsed_at": "2025-12-05T23:13:20.614Z", "tipo_tarjeta": "mastercard", "tipo_transaccion": "compra_tc", "tarjeta_ultimos_4": "4478"}');
INSERT INTO public.transactions VALUES ('0b8c94d7-a064-41a8-a975-314ebf9b97d7', 'd7c5ec30-b2d6-4658-aefb-918bdaf5b70e', '2025-12-04', 'MERCADOPAGO *VUELOBAJ Las Condes CHL', 29150.00, 'Sin categorizar', 'gasto', '2025-12-05 23:13:20.551828+00', '2025-12-09 02:30:59.773508+00', '97b94684-5c88-4ed9-a20f-fa0bab3bb7f3', 79, 1, 2026, 1, '{"from": "Banco de Chile <enviodigital@bancochile.cl>", "hora": "21:16", "banco": "banco_chile", "source": "email_sync", "snippet": "Rodrigo Andres Pizarro Leeson: Te informamos que se ha realizado una compra por $29.150 con Tarjeta de Crédito ****4478 en MERCADOPAGO *VUELOBAJ Las Condes CHL el 04/12/2025 21:16. Revisa Saldos y", "subject": "Compra con Tarjeta de Crédito", "email_id": "19aebde25f761941", "parsed_at": "2025-12-05T23:13:20.617Z", "tipo_tarjeta": "mastercard", "tipo_transaccion": "compra_tc", "tarjeta_ultimos_4": "4478"}');
INSERT INTO public.transactions VALUES ('d9c29d84-4286-40aa-a2b4-2e4543936761', 'd7c5ec30-b2d6-4658-aefb-918bdaf5b70e', '2025-12-06', 'RedGloba*TWINSMANIA PE VINADELMAR CHL', 55860.00, 'Sin categorizar', 'gasto', '2025-12-06 17:11:19.296425+00', '2025-12-09 02:29:08.129735+00', 'c8fb368a-a2ea-450b-9855-948dc99ce89c', 74, 1, 2026, 1, '{"from": "Banco de Chile <enviodigital@bancochile.cl>", "hora": "13:08", "banco": "banco_chile", "source": "email_sync", "snippet": "Rodrigo Andres Pizarro Leeson: Te informamos que se ha realizado una compra por $55.860 con Tarjeta de Crédito ****3076 en RedGloba*TWINSMANIA PE VINADELMAR CHL el 06/12/2025 13:08. Revisa Saldos y", "subject": "Compra con Tarjeta de Crédito", "email_id": "19af46ca5ec18d46", "parsed_at": "2025-12-06T17:11:19.323Z", "tipo_tarjeta": "mastercard", "tipo_transaccion": "compra_tc", "tarjeta_ultimos_4": "3076"}');
INSERT INTO public.transactions VALUES ('4fe710c7-13e8-4e02-8455-b120f7b26c56', 'd7c5ec30-b2d6-4658-aefb-918bdaf5b70e', '2025-12-05', 'VINA DEL MAR VALPARAISO CHL', 6970.00, 'Sin categorizar', 'gasto', '2025-12-06 01:27:40.261306+00', '2025-12-09 02:29:19.945582+00', '8cb6a4db-e716-43d0-ac9c-b5bb327c4c45', 77, 1, 2026, 1, '{"from": "Banco de Chile <enviodigital@bancochile.cl>", "hora": "21:53", "banco": "banco_chile", "source": "email_sync", "snippet": "Rodrigo Andres Pizarro Leeson: Te informamos que se ha realizado una compra por $6.970 con Tarjeta de Crédito ****3076 en VINA DEL MAR VALPARAISO CHL el 05/12/2025 21:53. Revisa Saldos y Movimientos en", "subject": "Compra con Tarjeta de Crédito", "email_id": "19af126e89bc1dba", "parsed_at": "2025-12-06T01:27:40.271Z", "tipo_tarjeta": "mastercard", "tipo_transaccion": "compra_tc", "tarjeta_ultimos_4": "3076"}');
INSERT INTO public.transactions VALUES ('bf501b35-345c-4f92-9bdb-a9bcacda53c9', 'd7c5ec30-b2d6-4658-aefb-918bdaf5b70e', '2025-12-05', 'TERRAZA DEL MAR VINA DEL MAR CHL', 6600.00, 'Sin categorizar', 'gasto', '2025-12-06 01:27:40.261306+00', '2025-12-09 02:29:24.337613+00', 'dac09904-b0e2-4083-9751-645d7037889a', 72, 1, 2026, 1, '{"from": "Banco de Chile <enviodigital@bancochile.cl>", "hora": "20:53", "banco": "banco_chile", "source": "email_sync", "snippet": "Rodrigo Andres Pizarro Leeson: Te informamos que se ha realizado una compra por $6.600 con Tarjeta de Crédito ****3076 en TERRAZA DEL MAR VINA DEL MAR CHL el 05/12/2025 20:53. Revisa Saldos y", "subject": "Compra con Tarjeta de Crédito", "email_id": "19af0ef4c129cb5d", "parsed_at": "2025-12-06T01:27:40.280Z", "tipo_tarjeta": "mastercard", "tipo_transaccion": "compra_tc", "tarjeta_ultimos_4": "3076"}');
INSERT INTO public.transactions VALUES ('f0495783-1885-4507-8cf0-0d7dcbde2526', 'd7c5ec30-b2d6-4658-aefb-918bdaf5b70e', '2025-12-05', 'MERCADOPAGO *GASTRONO Las Condes CHL', 15950.00, 'Sin categorizar', 'gasto', '2025-12-06 01:27:40.261306+00', '2025-12-09 02:29:29.582997+00', '7dc67659-282e-4422-9915-df7fd0d7bb7f', 72, 1, 2026, 1, '{"from": "Banco de Chile <enviodigital@bancochile.cl>", "hora": "21:29", "banco": "banco_chile", "source": "email_sync", "snippet": "Rodrigo Andres Pizarro Leeson: Te informamos que se ha realizado una compra por $15.950 con Tarjeta de Crédito ****3076 en MERCADOPAGO *GASTRONO Las Condes CHL el 05/12/2025 21:29. Revisa Saldos y", "subject": "Compra con Tarjeta de Crédito", "email_id": "19af110f17c1e49f", "parsed_at": "2025-12-06T01:27:40.276Z", "tipo_tarjeta": "mastercard", "tipo_transaccion": "compra_tc", "tarjeta_ultimos_4": "3076"}');


--
-- Data for Name: suspicious_duplicates; Type: TABLE DATA; Schema: public; Owner: postgres
--



--
-- Name: categories_id_seq; Type: SEQUENCE SET; Schema: public; Owner: postgres
--

SELECT pg_catalog.setval('public.categories_id_seq', 81, true);


--
-- PostgreSQL database dump complete
--

\unrestrict gbVAum3Aets19k9eHKqpSa3u0WAcvcmgTES6HGJqMhrZLjV55cGEzuk2I4aqGNU

